,Avg Temperature,Accident Count,Mon,Tue,Wed,Thu,Fri,Sat,Sun,Predicted
2022-04-02,4.84,11,0,0,0,0,0,1,0,13.93988824411859
2022-04-01,2.95,15,0,0,0,0,1,0,0,20.70776261091763
2022-03-31,4.25,18,0,0,0,1,0,0,0,18.37614507971938
2022-03-30,7.1,11,0,0,1,0,0,0,0,18.29898199284303
2022-03-29,1.95,19,0,1,0,0,0,0,0,18.864184878321417
2022-03-28,0.59,11,1,0,0,0,0,0,0,17.389021809188133
2022-03-27,5.45,14,0,0,0,0,0,0,1,10.280099137406594
2022-03-26,-0.2,9,0,0,0,0,0,1,0,15.044158241107477
2022-03-25,1.19,14,0,0,0,0,1,0,0,21.093380705104224
2022-03-24,1.5,17,0,0,0,1,0,0,0,18.978673351885934
2022-03-23,9.75,8,0,0,1,0,0,0,0,17.718363839664345
2022-03-22,7.1,8,0,1,0,0,0,0,0,17.73581375044587
2022-03-21,5.75,12,1,0,0,0,0,0,0,16.258459669413796
2022-03-20,2.0,7,0,0,0,0,0,0,1,11.035998242488272
2022-03-19,3.8,7,0,0,0,0,0,1,0,14.167753481592488
2022-03-18,3.1,12,0,0,0,0,1,0,0,20.674897432435817
2022-03-17,4.65,11,0,0,0,1,0,0,0,18.28850460376788
2022-03-16,5.05,15,0,0,1,0,0,0,0,18.748139432094458
2022-03-15,5.85,19,0,1,0,0,0,0,0,18.009690237794302
2022-03-14,5.15,15,1,0,0,0,0,0,0,16.389920383341043
2022-03-13,0.64,10,0,0,0,0,0,0,1,11.333975860723369
2022-03-12,5.3,15,0,0,0,0,0,1,0,13.839101696774367
2022-03-11,-5.19,14,0,0,0,0,1,0,0,22.49124629653063
2022-03-10,-9.15,23,0,0,0,1,0,0,0,21.31210102409459
2022-03-09,-13.2,19,0,0,1,0,0,0,0,22.746736147381597
2022-03-08,-9.4,11,0,1,0,0,0,0,0,21.350983383445197
2022-03-07,-1.29,8,1,0,0,0,0,0,0,17.800932046160177
2022-03-06,-3.0,14,0,0,0,0,0,0,1,12.131504191882009
2022-03-05,-5.9,12,0,0,0,0,0,1,0,16.293035023416337
2022-03-04,-8.19,20,0,0,0,0,1,0,0,23.148549866166874
2022-03-03,-7.9,34,0,0,0,1,0,0,0,21.038224536746156
2022-03-02,-6.75,15,0,0,1,0,0,0,0,21.333533472663675
2022-03-01,2.8,27,0,1,0,0,0,0,0,18.67794886692448
2022-02-28,0.5,24,1,0,0,0,0,0,0,17.408740916277218
2022-02-27,6.6,6,0,0,0,0,0,0,1,10.028132769046035
2022-02-26,1.1,12,0,0,0,0,0,1,0,14.759326694265106
2022-02-25,-5.7,22,0,0,0,0,1,0,0,22.602987903368792
2022-02-24,-7.44,35,0,0,0,1,0,0,0,20.937437989401936
2022-02-23,-18.14,35,0,0,1,0,0,0,0,23.829096025382608
2022-02-22,-22.25,41,0,1,0,0,0,0,0,24.1664336733871
2022-02-21,-21.5,26,1,0,0,0,0,0,0,22.228967093609658
2022-02-20,-12.8,22,0,0,0,0,0,0,1,14.278695852693732
2022-02-19,2.29,13,0,0,0,0,0,1,0,14.498596278309396
2022-02-18,-5.55,19,0,0,0,0,1,0,0,22.570122724886982
2022-02-17,-0.4,15,0,0,0,1,0,0,0,19.394965612655554
2022-02-16,-7.4,31,0,0,1,0,0,0,0,21.475949246084863
2022-02-15,-4.2,23,0,1,0,0,0,0,0,20.211657196075713
2022-02-14,-1.94,14,1,0,0,0,0,0,0,17.943347819581362
2022-02-13,3.8,2,0,0,0,0,0,0,1,10.641616100706528
2022-02-12,2.09,6,0,0,0,0,0,1,0,14.542416516285146
2022-02-11,-1.35,15,0,0,0,0,1,0,0,21.64989772739624
2022-02-10,5.9,13,0,0,0,1,0,0,0,18.014628116419445
2022-02-09,6.9,11,0,0,1,0,0,0,0,18.342802230818776
2022-02-08,6.5,15,0,1,0,0,0,0,0,17.867274464373118
2022-02-07,5.15,14,1,0,0,0,0,0,0,16.389920383341043
2022-02-06,4.35,8,0,0,0,0,0,0,1,10.521110446273218
2022-02-05,1.44,11,0,0,0,0,0,1,0,14.684832289706332
2022-02-04,-4.59,17,0,0,0,0,1,0,0,22.359785582603383
2022-02-03,-13.14,21,0,0,0,1,0,0,0,22.186314771710794
2022-02-02,-21.85,20,0,0,1,0,0,0,0,24.64196143983276
2022-02-01,-19.2,32,0,1,0,0,0,0,0,23.49817504425692
2022-01-31,-6.25,14,1,0,0,0,0,0,0,18.887673947958763
2022-01-30,4.05,8,0,0,0,0,0,0,1,10.586840803236841
2022-01-29,2.8,14,0,0,0,0,0,1,0,14.386854671471236
2022-01-28,5.2,13,0,0,0,0,1,0,0,20.21478493369045
2022-01-27,-0.15,13,0,0,0,1,0,0,0,19.34019031518587
2022-01-26,0.85,13,0,0,1,0,0,0,0,19.668364429585196
2022-01-25,1.45,15,0,1,0,0,0,0,0,18.973735473260792
2022-01-24,0.5,12,1,0,0,0,0,0,0,17.408740916277218
2022-01-23,6.3,7,0,0,0,0,0,0,1,10.09386312600966
2022-01-22,5.65,10,0,0,0,0,0,1,0,13.762416280316804
2022-01-21,1.5,21,0,0,0,0,1,0,0,21.025459336241813
2022-01-20,-1.64,14,0,0,0,1,0,0,0,19.6666510881052
2022-01-19,-15.95,15,0,0,1,0,0,0,0,23.34926441954815
2022-01-18,-14.65,18,0,1,0,0,0,0,0,22.501264630308622
2022-01-17,0.15,17,1,0,0,0,0,0,0,17.48542633273478
2022-01-16,1.14,4,0,0,0,0,0,0,1,11.224425265783996
2022-01-15,4.19,16,0,0,0,0,0,1,0,14.082304017539776
2022-01-14,3.3,9,0,0,0,0,1,0,0,20.63107719446007
2022-01-13,4.05,15,0,0,0,1,0,0,0,18.41996531769513
2022-01-12,4.8,9,0,0,1,0,0,0,0,18.802914729564147
2022-01-11,1.95,21,0,1,0,0,0,0,0,18.864184878321417
2022-01-10,1.0,23,1,0,0,0,0,0,0,17.299190321337846
2022-01-09,-10.35,10,0,0,0,0,0,0,1,13.741897937490801
2022-01-08,-19.25,15,0,0,0,0,0,1,0,19.21803590829761
2022-01-07,-23.25,21,0,0,0,0,1,0,0,26.448213785740805
2022-01-06,-26.54,16,0,0,0,1,0,0,0,25.122270716086007
2022-01-05,-26.35,36,0,0,1,0,0,0,0,25.62791679428712
2022-01-04,-26.7,37,0,1,0,0,0,0,0,25.141433968347524
2022-01-03,-19.95,24,1,0,0,0,0,0,0,21.8893602492976
2022-01-02,-6.7,8,0,0,0,0,0,0,1,12.942178594433374
2022-01-01,-12.8,12,0,0,0,0,0,1,0,17.804833233579693
2021-12-31,-23.6,22,0,0,0,0,1,0,0,26.52489920219837
2021-12-30,-19.75,34,0,0,0,1,0,0,0,23.63457363680931
2021-12-29,-23.7,31,0,0,1,0,0,0,0,25.04729864110844
2021-12-28,-22.79,40,0,1,0,0,0,0,0,24.28474831592162
2021-12-27,-30.45,32,1,0,0,0,0,0,0,24.189922743024447
2021-12-26,-28.6,33,0,0,0,0,0,0,1,17.740494652777937
2021-12-25,-25.45,8,0,0,0,0,0,1,0,20.576463285545845
2021-12-24,-21.0,51,0,0,0,0,1,0,0,25.955236108513624
2021-12-23,-8.25,27,0,0,0,1,0,0,0,21.114909953203718
2021-12-22,-3.2,24,0,0,1,0,0,0,0,20.555724248594125
2021-12-21,-8.5,24,0,1,0,0,0,0,0,21.153792312554327
2021-12-20,-17.5,43,1,0,0,0,0,0,0,21.352562334094667
2021-12-19,-11.75,13,0,0,0,0,0,0,1,14.048639603321048
2021-12-18,-9.19,21,0,0,0,0,0,1,0,17.013877938117414
2021-12-17,-20.1,65,0,0,0,0,1,0,0,25.758045037622754
2021-12-16,-17.64,53,0,0,0,1,0,0,0,23.172270126165156
2021-12-15,-18.8,39,0,0,1,0,0,0,0,23.97370281070258
2021-12-14,-15.95,36,0,1,0,0,0,0,0,22.78609617715099
2021-12-13,-10.05,31,1,0,0,0,0,0,0,19.720258469498003
2021-12-12,-4.95,12,0,0,0,0,0,0,1,12.558751512145566
2021-12-11,-1.45,24,0,0,0,0,0,1,0,15.31803472845591
2021-12-10,-5.5,31,0,0,0,0,1,0,0,22.559167665393044
2021-12-09,-5.69,21,0,0,0,1,0,0,0,20.554010907114126
2021-12-08,0.04,31,0,0,1,0,0,0,0,19.845836393386982
2021-12-07,-7.45,32,0,1,0,0,0,0,0,20.923736063181643
2021-12-06,-11.6,38,1,0,0,0,0,0,0,20.05986531381006
2021-12-05,-12.35,19,0,0,0,0,0,0,1,14.180100317248296
2021-12-04,-5.6,23,0,0,0,0,0,1,0,16.22730466645271
2021-12-03,-4.65,28,0,0,0,0,1,0,0,22.37293165399611
2021-12-02,-1.1,18,0,0,0,1,0,0,0,19.548336445570676
2021-12-01,6.45,21,0,0,1,0,0,0,0,18.441397766264213
2021-11-30,4.45,21,0,1,0,0,0,0,0,18.31643190362455
2021-11-29,4.7,16,1,0,0,0,0,0,0,16.48851591878648
2021-11-28,5.05,18,0,0,0,0,0,0,1,10.367739613358093
2021-11-27,-0.8,31,0,0,0,0,0,1,0,15.175618955034725
2021-11-26,4.3,23,0,0,0,0,1,0,0,20.41197600458132
2021-11-25,6.45,22,0,0,0,1,0,0,0,17.894122461986136
2021-11-24,-3.59,29,0,0,1,0,0,0,0,20.641173712646836
2021-11-23,-1.15,23,0,1,0,0,0,0,0,19.543398566945534
2021-11-22,7.5,30,1,0,0,0,0,0,0,15.875032587125988
2021-11-21,-1.09,11,0,0,0,0,0,0,1,11.713020919213601
2021-11-20,-1.59,13,0,0,0,0,0,1,0,15.348708895038936
2021-11-19,-2.15,37,0,0,0,0,1,0,0,21.82517867929924
2021-11-18,-1.14,21,0,0,0,1,0,0,0,19.557100493165827
2021-11-17,-5.2,28,0,0,1,0,0,0,0,20.993926628351616
2021-11-16,-0.6,17,0,1,0,0,0,0,0,19.42289291251222
2021-11-15,3.3,18,1,0,0,0,0,0,0,16.795257584616728
2021-11-14,4.8,6,0,0,0,0,0,0,1,10.42251491082778
2021-11-13,3.45,18,0,0,0,0,0,1,0,14.24443889805005
2021-11-12,5.9,29,0,0,0,0,1,0,0,20.061414100775323
2021-11-11,-1.0,18,0,0,0,1,0,0,0,19.5264263265828
2021-11-10,2.7,25,0,0,1,0,0,0,0,19.263027228309515
2021-11-09,0.44,24,0,1,0,0,0,0,0,19.195027675038325
2021-11-08,1.8,28,1,0,0,0,0,0,0,17.12390936943485
2021-11-07,0.55,8,0,0,0,0,0,0,1,11.353694967812457
2021-11-06,2.49,17,0,0,0,0,0,1,0,14.454776040333646
2021-11-05,6.55,30,0,0,0,0,1,0,0,19.91899832735414
2021-11-04,7.85,22,0,0,0,1,0,0,0,17.58738079615589
2021-11-03,5.8,26,0,0,1,0,0,0,0,18.583813539685398
2021-11-02,3.2,28,0,1,0,0,0,0,0,18.590308390972982
2021-11-01,-5.85,19,1,0,0,0,0,0,0,18.800033472007264
2021-10-31,-3.84,20,0,0,0,0,0,0,1,12.315549191380157
2021-10-30,-2.1,27,0,0,0,0,0,1,0,15.460450501877096
2021-10-29,1.14,29,0,0,0,0,1,0,0,21.10433576459816
2021-10-28,4.4,25,0,0,0,1,0,0,0,18.343279901237565
2021-10-27,6.0,24,0,0,1,0,0,0,0,18.53999330170965
2021-10-26,6.25,26,0,1,0,0,0,0,0,17.922049761842803
2021-10-25,7.95,17,1,0,0,0,0,0,0,15.776437051680551
2021-10-24,3.75,16,0,0,0,0,0,0,1,10.652571160200466
2021-10-23,5.65,31,0,0,0,0,0,1,0,13.762416280316804
2021-10-22,7.0,11,0,0,0,0,1,0,0,19.820402791908702
2021-10-21,9.35,25,0,0,0,1,0,0,0,17.258729011337767
2021-10-20,3.85,20,0,0,1,0,0,0,0,19.011060859948955
2021-10-19,5.7,21,0,1,0,0,0,0,0,18.042555416276116
2021-10-18,3.34,14,1,0,0,0,0,0,0,16.786493537021578
2021-10-17,11.85,7,0,0,0,0,0,0,1,8.877851522182613
2021-10-16,12.45,27,0,0,0,0,0,1,0,12.272528189141324
2021-10-15,6.1,18,0,0,0,0,1,0,0,20.017593862799576
2021-10-14,3.0,17,0,0,0,1,0,0,0,18.650021567067814
2021-10-13,-0.6,18,0,0,1,0,0,0,0,19.98606115490938
2021-10-12,1.94,21,0,1,0,0,0,0,0,18.866375890220205
2021-10-11,0.95,6,1,0,0,0,0,0,0,17.31014538083178
2021-10-10,7.4,9,0,0,0,0,0,0,1,9.852851817143039
2021-10-09,7.75,15,0,0,0,0,0,1,0,13.302303781571435
2021-10-08,4.84,30,0,0,0,0,1,0,0,20.293661362046798
2021-10-07,5.45,22,0,0,0,1,0,0,0,18.11322365186488
2021-10-06,7.69,24,0,0,1,0,0,0,0,18.169712290814566
2021-10-05,13.25,20,0,1,0,0,0,0,0,16.388341432691576
2021-10-04,6.65,16,1,0,0,0,0,0,0,16.061268598522922
2021-10-03,12.25,15,0,0,0,0,0,0,1,8.790211046231114
2021-10-02,9.4,13,0,0,0,0,0,1,0,12.940786818271503
2021-10-01,11.64,27,0,0,0,0,1,0,0,18.803773270871314
2021-09-30,13.65,25,0,0,0,1,0,0,0,16.316593894859157
2021-09-29,9.54,42,0,0,1,0,0,0,0,17.764375089538884
2021-09-28,12.15,20,0,1,0,0,0,0,0,16.629352741558197
2021-09-27,15.35,17,1,0,0,0,0,0,0,14.155088246577822
2021-09-26,16.95,12,0,0,0,0,0,0,1,7.760435453801002
2021-09-25,15.55,20,0,0,0,0,0,1,0,11.593314500517208
2021-09-24,14.25,17,0,0,0,0,1,0,0,18.231919165287785
2021-09-23,9.6,32,0,0,0,1,0,0,0,17.20395371386808
2021-09-22,14.14,29,0,0,1,0,0,0,0,16.756509616096647
2021-09-21,14.2,25,0,1,0,0,0,0,0,16.180195302306764
2021-09-20,9.5,21,1,0,0,0,0,0,0,15.436830207368494
2021-09-19,10.45,12,0,0,0,0,0,0,1,9.18459318801286
2021-09-18,17.25,17,0,0,0,0,0,1,0,11.220842477723338
2021-09-17,10.55,15,0,0,0,0,1,0,0,19.04259356783915
2021-09-16,8.9,26,0,0,0,1,0,0,0,17.357324546783204
2021-09-15,9.5,20,0,0,1,0,0,0,0,17.773139137134034
2021-09-14,12.6,19,0,1,0,0,0,0,0,16.53075720611276
2021-09-13,12.1,20,1,0,0,0,0,0,0,14.86716711368375
2021-09-12,12.65,10,0,0,0,0,0,0,1,8.702570570279615
2021-09-11,12.55,13,0,0,0,0,0,1,0,12.250618070153449
2021-09-10,14.4,19,0,0,0,0,1,0,0,18.199053986805975
2021-09-09,18.1,15,0,0,0,1,0,0,0,15.34159359989873
2021-09-08,15.85,25,0,0,1,0,0,0,0,16.381846581403988
2021-09-07,14.85,26,0,1,0,0,0,0,0,16.03777952888558
2021-09-06,16.2,15,1,0,0,0,0,0,0,13.968852235180888
2021-09-05,19.95,21,0,0,0,0,0,0,1,7.10313188416476
2021-09-04,15.0,16,0,0,0,0,0,1,0,11.713820154950518
2021-09-03,13.2,14,0,0,0,0,1,0,0,18.46197541466047
2021-09-02,11.55,17,0,0,0,1,0,0,0,16.776706393604524
2021-09-01,10.9,22,0,0,1,0,0,0,0,17.466397471303786
2021-08-31,13.05,28,0,1,0,0,0,0,0,16.432161670667323
2021-08-30,16.55,17,1,0,0,0,0,0,0,13.892166818723325
2021-08-29,16.39,11,0,0,0,0,0,0,1,7.883132120133101
2021-08-28,14.39,17,0,0,0,0,0,1,0,11.847471880776554
2021-08-27,15.45,11,0,0,0,0,1,0,0,17.968997737433288
2021-08-26,14.7,25,0,0,0,1,0,0,0,16.08653764548647
2021-08-25,12.75,22,0,0,1,0,0,0,0,17.061060270028104
2021-08-24,11.64,20,0,1,0,0,0,0,0,16.741094348396356
2021-08-23,10.0,25,1,0,0,0,0,0,0,15.32727961242912
2021-08-22,14.45,14,0,0,0,0,0,0,1,8.30818842849787
2021-08-21,12.95,21,0,0,0,0,0,1,0,12.162977594201951
2021-08-20,14.5,22,0,0,0,0,1,0,0,18.1771438678181
2021-08-19,11.45,19,0,0,0,1,0,0,0,16.7986165125924
2021-08-18,12.85,21,0,0,1,0,0,0,0,17.039150151040232
2021-08-17,10.3,17,0,1,0,0,0,0,0,17.03468994283388
2021-08-16,15.65,25,1,0,0,0,0,0,0,14.089357889614199
2021-08-15,23.4,7,0,0,0,0,0,0,1,6.347232779083083
2021-08-14,23.35,16,0,0,0,0,0,1,0,9.88432521946298
2021-08-13,21.75,23,0,0,0,0,1,0,0,16.588660241197182
2021-08-12,19.89,18,0,0,0,1,0,0,0,14.949402470015773
2021-08-11,18.25,24,0,0,1,0,0,0,0,15.856003725694995
2021-08-10,17.8,23,0,1,0,0,0,0,0,15.391431018743274
2021-08-09,18.2,21,1,0,0,0,0,0,0,13.530649855423393
2021-08-08,14.8,13,0,0,0,0,0,0,1,8.231503012040308
2021-08-07,20.0,5,0,0,0,0,0,1,0,10.618314205556782
2021-08-06,22.75,22,0,0,0,0,1,0,0,16.369559051318433
2021-08-05,22.05,19,0,0,0,1,0,0,0,14.476143899877679
2021-08-04,20.95,15,0,0,1,0,0,0,0,15.264430513022377
2021-08-03,24.95,19,0,1,0,0,0,0,0,13.824857511110231
2021-08-02,22.45,10,1,0,0,0,0,0,0,12.599469798438717
2021-08-01,23.85,16,0,0,0,0,0,0,1,6.2486372436376465
2021-07-31,22.5,10,0,0,0,0,0,1,0,10.070561230859914
2021-07-30,22.2,22,0,0,0,0,1,0,0,16.490064705751745
2021-07-29,21.79,14,0,0,0,1,0,0,0,14.533110209246153
2021-07-28,19.7,20,0,0,1,0,0,0,0,15.538307000370812
2021-07-27,18.35,19,0,1,0,0,0,0,0,15.270925364309964
2021-07-26,18.64,20,1,0,0,0,0,0,0,13.434245331876744
2021-07-25,18.45,6,0,0,0,0,0,0,1,7.431783668982882
2021-07-24,18.8,16,0,0,0,0,0,1,0,10.88123563341128
2021-07-23,18.2,25,0,0,0,0,1,0,0,17.366469465266736
2021-07-22,17.85,15,0,0,0,1,0,0,0,15.396368897368417
2021-07-21,21.6,21,0,0,1,0,0,0,0,15.122014739601193
2021-07-20,19.14,20,0,1,0,0,0,0,0,15.097835424305753
2021-07-19,18.39,15,1,0,0,0,0,0,0,13.489020629346431
2021-07-18,16.85,10,0,0,0,0,0,0,1,7.782345572788877
2021-07-17,17.8,15,0,0,0,0,0,1,0,11.100336823290027
2021-07-16,21.45,22,0,0,0,0,1,0,0,16.654390598160806
2021-07-15,21.4,23,0,0,0,1,0,0,0,14.618559673298865
2021-07-14,22.3,22,0,0,1,0,0,0,0,14.968643906686069
2021-07-13,19.89,24,0,1,0,0,0,0,0,14.933509531896693
2021-07-12,18.2,22,1,0,0,0,0,0,0,13.530649855423393
2021-07-11,18.35,8,0,0,0,0,0,0,1,7.453693787970756
2021-07-10,22.79,15,0,0,0,0,0,1,0,10.007021885795078
2021-07-09,20.2,31,0,0,0,0,1,0,0,16.92826708550924
2021-07-08,19.95,25,0,0,0,1,0,0,0,14.936256398623048
2021-07-07,18.75,29,0,0,1,0,0,0,0,15.746453130755622
2021-07-06,18.8,17,0,1,0,0,0,0,0,15.172329828864527
2021-07-05,15.5,24,1,0,0,0,0,0,0,14.12222306809601
2021-07-04,16.2,14,0,0,0,0,0,0,1,7.924761346210063
2021-07-03,20.6,11,0,0,0,0,0,1,0,10.486853491629534
2021-07-02,22.7,25,0,0,0,0,1,0,0,16.38051411081237
2021-07-01,27.04,10,0,0,0,1,0,0,0,13.38282896238273
2021-06-30,27.04,31,0,0,1,0,0,0,0,13.930104266660807
2021-06-29,27.29,18,0,1,0,0,0,0,0,13.312160726793964
2021-06-28,25.45,19,1,0,0,0,0,0,0,11.942166228802476
2021-06-27,23.0,15,0,0,0,0,0,0,1,6.4348732550345815
2021-06-26,22.25,15,0,0,0,0,0,1,0,10.125336528329601
2021-06-25,20.14,28,0,0,0,0,1,0,0,16.941413156901966
2021-06-24,15.55,20,0,0,0,1,0,0,0,15.900301634089535
2021-06-23,18.89,17,0,0,1,0,0,0,0,15.715778964172598
2021-06-22,21.6,21,0,1,0,0,0,0,0,14.558846497204035
2021-06-21,18.14,17,1,0,0,0,0,0,0,13.543795926816118
2021-06-20,16.25,12,0,0,0,0,0,0,1,7.913806286716126
2021-06-19,13.75,14,0,0,0,0,0,1,0,11.987696642298953
2021-06-18,15.7,26,0,0,0,0,1,0,0,17.914222439963602
2021-06-17,15.8,25,0,0,0,1,0,0,0,15.845526336619848
2021-06-16,16.04,32,0,0,1,0,0,0,0,16.340217355327027
2021-06-15,20.45,22,0,1,0,0,0,0,0,14.810812865564595
2021-06-14,23.25,14,1,0,0,0,0,0,0,12.424188846535719
2021-06-13,16.84,19,0,0,0,0,0,0,1,7.784536584687665
2021-06-12,13.45,16,0,0,0,0,0,1,0,12.053426999262577
2021-06-11,11.85,15,0,0,0,0,1,0,0,18.75776202099678
2021-06-10,10.4,15,0,0,0,1,0,0,0,17.028672761965083
2021-06-09,10.35,14,0,0,1,0,0,0,0,17.5869031257371
2021-06-08,9.4,13,0,1,0,0,0,0,0,17.231881013724752
2021-06-07,8.85,11,1,0,0,0,0,0,0,15.579245980789679
2021-06-06,10.65,8,0,0,0,0,0,0,1,9.14077295003711
2021-06-05,12.64,9,0,0,0,0,0,1,0,12.230898963064362
2021-06-04,21.0,19,0,0,0,0,1,0,0,16.752986133606242
2021-06-03,21.55,23,0,0,0,1,0,0,0,14.585694494817051
2021-06-02,21.05,22,0,0,1,0,0,0,0,15.242520394034504
2021-06-01,19.5,12,0,1,0,0,0,0,0,15.018958995949404
2021-05-31,17.14,14,1,0,0,0,0,0,0,13.762897116694864
2021-05-30,14.1,12,0,0,0,0,0,0,1,8.384873844955433
2021-05-29,12.15,16,0,0,0,0,0,1,0,12.338258546104948
2021-05-28,12.0,10,0,0,0,0,1,0,0,18.724896842514966
2021-05-27,13.75,16,0,0,0,1,0,0,0,16.29468377587128
2021-05-26,12.05,15,0,0,1,0,0,0,0,17.214431102943227
2021-05-25,9.15,14,0,1,0,0,0,0,0,17.286656311194438
2021-05-24,6.15,10,1,0,0,0,0,0,0,16.170819193462297
2021-05-23,6.2,6,0,0,0,0,0,0,1,10.115773244997534
2021-05-22,6.65,12,0,0,0,0,0,1,0,13.543315090438059
2021-05-21,5.7,15,0,0,0,0,1,0,0,20.105234338751075
2021-05-20,0.49,11,0,0,0,1,0,0,0,19.199965553663468
2021-05-19,4.15,9,0,0,1,0,0,0,0,18.945330502985332
2021-05-18,11.7,9,0,1,0,0,0,0,0,16.727948277003634
2021-05-17,18.75,11,1,0,0,0,0,0,0,13.410144200990082
2021-05-16,17.6,6,0,0,0,0,0,0,1,7.618019680379816
2021-05-15,13.0,7,0,0,0,0,0,1,0,12.152022534708014
2021-05-14,10.89,23,0,0,0,0,1,0,0,18.968099163280375
2021-05-13,11.65,7,0,0,0,1,0,0,0,16.75479627461665
2021-05-12,9.0,14,0,0,1,0,0,0,0,17.882689732073406
2021-05-11,8.25,11,0,1,0,0,0,0,0,17.48384738208531
2021-05-10,5.3,24,1,0,0,0,0,0,0,16.357055204859233
2021-05-09,1.65,4,0,0,0,0,0,0,1,11.112683658945835
2021-05-08,3.15,14,0,0,0,0,0,1,0,14.310169255013673
2021-05-07,11.15,8,0,0,0,0,1,0,0,18.9111328539119
2021-05-06,11.2,13,0,0,0,1,0,0,0,16.853391810062085
2021-05-05,8.0,16,0,0,1,0,0,0,0,18.101790921952155
2021-05-04,7.45,12,0,1,0,0,0,0,0,17.659128333988306
2021-05-03,5.9,19,1,0,0,0,0,0,0,16.225594490931982
2021-05-02,5.9,8,0,0,0,0,0,0,1,10.18150360196116
2021-05-01,6.95,12,0,0,0,0,0,1,0,13.477584733474433
2021-04-30,14.45,18,0,0,0,0,1,0,0,18.188098927312037
2021-04-29,11.05,18,0,0,0,1,0,0,0,16.8862569885439
2021-04-28,8.3,27,0,0,1,0,0,0,0,18.03606056498853
2021-04-27,8.3,15,0,1,0,0,0,0,0,17.472892322591374
2021-04-26,5.6,7,1,0,0,0,0,0,0,16.29132484789561
2021-04-25,1.45,3,0,0,0,0,0,0,1,11.156503896921585
2021-04-24,0.29,9,0,0,0,0,0,1,0,14.936798658066891
2021-04-23,-1.05,8,0,0,0,0,1,0,0,21.584167370432617
2021-04-22,2.0,15,0,0,0,1,0,0,0,18.86912275694656
2021-04-21,9.0,20,0,0,1,0,0,0,0,17.882689732073406
2021-04-20,3.2,14,0,1,0,0,0,0,0,18.590308390972982
2021-04-19,1.35,8,1,0,0,0,0,0,0,17.222504904880285
2021-04-18,4.09,9,0,0,0,0,0,0,1,10.57807675564169
2021-04-17,10.0,7,0,0,0,0,0,1,0,12.809326104344255
2021-04-16,7.65,14,0,0,0,0,1,0,0,19.677987018487517
2021-04-15,5.8,24,0,0,0,1,0,0,0,18.03653823540732
2021-04-14,4.2,12,0,0,1,0,0,0,0,18.934375443491394
2021-04-13,-1.04,14,0,1,0,0,0,0,0,19.51929743605887
2021-04-12,-0.2,18,1,0,0,0,0,0,0,17.56211174919234
2021-04-11,0.39,10,0,0,0,0,0,0,1,11.388751158193056
2021-04-10,1.6,8,0,0,0,0,0,1,0,14.64977609932573
2021-04-09,3.25,14,0,0,0,0,1,0,0,20.642032253954003
2021-04-08,1.75,14,0,0,0,1,0,0,0,18.92389805441625
2021-04-07,8.1,7,0,0,1,0,0,0,0,18.07988080296428
2021-04-06,7.5,15,0,1,0,0,0,0,0,17.648173274494372
2021-04-05,3.95,15,1,0,0,0,0,0,0,16.65284181119554
2021-04-04,1.9,8,0,0,0,0,0,0,1,11.057908361476148
2021-04-03,6.8,12,0,0,0,0,0,1,0,13.510449911956247
2021-04-02,4.8,14,0,0,0,0,1,0,0,20.30242540964195
2021-04-01,7.94,16,0,0,0,1,0,0,0,17.567661689066803
2021-03-31,3.95,14,0,0,1,0,0,0,0,18.98915074096108
2021-03-30,-2.65,17,0,1,0,0,0,0,0,19.872050351763654
2021-03-29,-6.2,15,1,0,0,0,0,0,0,18.876718888464826
2021-03-28,6.15,4,0,0,0,0,0,0,1,10.126728304491472
2021-03-27,4.95,7,0,0,0,0,0,1,0,13.915787113231929
2021-03-26,-1.29,8,0,0,0,0,1,0,0,21.63675165600352
2021-03-25,-3.9,27,0,0,0,1,0,0,0,20.16181977723117
2021-03-24,3.65,8,0,0,1,0,0,0,0,19.054881097924707
2021-03-23,0.15,7,0,1,0,0,0,0,0,19.25856702010316
2021-03-22,2.25,13,1,0,0,0,0,0,0,17.02531383398941
2021-03-21,2.15,5,0,0,0,0,0,0,1,11.00313306400646
2021-03-20,4.09,10,0,0,0,0,0,1,0,14.10421413652765
2021-03-19,8.4,18,0,0,0,0,1,0,0,19.513661126078457
2021-03-18,6.85,16,0,0,0,1,0,0,0,17.806481986034637
2021-03-17,2.99,28,0,0,1,0,0,0,0,19.19948788324468
2021-03-16,1.4,16,0,1,0,0,0,0,0,18.98469053275473
2021-03-15,2.99,14,1,0,0,0,0,0,0,16.86317895347914
2021-03-14,7.9,8,0,0,0,0,0,0,1,9.743301222203664
2021-03-13,5.9,12,0,0,0,0,0,1,0,13.707640982847119
2021-03-12,5.9,11,0,0,0,0,1,0,0,20.061414100775323
2021-03-11,-4.2,14,0,0,0,1,0,0,0,20.227550134194793
2021-03-10,-6.2,15,0,0,1,0,0,0,0,21.213027818230366
2021-03-09,0.6,9,0,1,0,0,0,0,0,19.159971484657728
2021-03-08,1.6,6,1,0,0,0,0,0,0,17.167729607410596
2021-03-07,1.19,7,0,0,0,0,0,0,1,11.213470206290058
2021-03-06,1.7,10,0,0,0,0,0,1,0,14.627865980337857
2021-03-05,4.65,19,0,0,0,0,1,0,0,20.33529058812376
2021-03-04,2.95,14,0,0,0,1,0,0,0,18.66097662656175
2021-03-03,2.65,15,0,0,1,0,0,0,0,19.273982287803452
2021-03-02,1.4,19,0,1,0,0,0,0,0,18.98469053275473
2021-03-01,5.15,13,1,0,0,0,0,0,0,16.389920383341043
2021-02-28,-0.35,12,0,0,0,0,0,0,1,11.550886038703329
2021-02-27,-10.19,8,0,0,0,0,0,1,0,17.23297912799616
2021-02-26,-6.5,16,0,0,0,0,1,0,0,22.77826885527179
2021-02-25,0.94,12,0,0,0,1,0,0,0,19.10137001821803
2021-02-24,-3.7,17,0,0,1,0,0,0,0,20.665274843533496
2021-02-23,-1.54,18,0,1,0,0,0,0,0,19.628848030998245
2021-02-22,3.6,24,1,0,0,0,0,0,0,16.7295272276531
2021-02-21,3.8,4,0,0,0,0,0,0,1,10.641616100706528
2021-02-20,-1.3,7,0,0,0,0,0,1,0,15.285169549974098
2021-02-19,-1.14,15,0,0,0,0,1,0,0,21.603886477521705
2021-02-18,-10.5,21,0,0,0,1,0,0,0,21.607887630430902
2021-02-17,-10.05,33,0,0,1,0,0,0,0,22.056567399263542
2021-02-16,-13.25,28,0,1,0,0,0,0,0,22.194522964478374
2021-02-15,-20.2,7,1,0,0,0,0,0,0,21.944135546767285
2021-02-14,-24.85,12,0,0,0,0,0,0,1,16.918865190732635
2021-02-13,-23.04,20,0,0,0,0,0,1,0,20.048429417938063
2021-02-12,-22.4,27,0,0,0,0,1,0,0,26.26197777434387
2021-02-11,-27.85,26,0,0,0,1,0,0,0,25.409293274827164
2021-02-10,-27.9,34,0,0,1,0,0,0,0,25.96752363859918
2021-02-09,-26.65,33,0,1,0,0,0,0,0,25.130478908853586
2021-02-08,-26.55,43,1,0,0,0,0,0,0,23.335428102497332
2021-02-07,-26.15,28,0,0,0,0,0,0,1,17.203696737575008
2021-02-06,-21.9,32,0,0,0,0,0,1,0,19.79865406147629
2021-02-05,-14.0,53,0,0,0,0,1,0,0,24.421527779362393
2021-02-04,-9.35,16,0,0,0,1,0,0,0,21.355921262070343
2021-02-03,-15.45,48,0,0,1,0,0,0,0,23.239713824608778
2021-02-02,-10.7,21,0,1,0,0,0,0,0,21.63581493028757
2021-02-01,0.0,18,1,0,0,0,0,0,0,17.518291511216592
2021-01-31,-3.75,8,0,0,0,0,0,0,1,12.295830084291069
2021-01-30,-8.05,11,0,0,0,0,0,1,0,16.764102581655642
2021-01-29,-10.75,20,0,0,0,0,1,0,0,23.709448912256466
2021-01-28,-14.45,10,0,0,0,1,0,0,0,22.47333733045195
2021-01-27,-13.2,29,0,0,1,0,0,0,0,22.746736147381597
2021-01-26,-14.85,18,0,1,0,0,0,0,0,22.54508486828437
2021-01-25,-15.6,6,1,0,0,0,0,0,0,20.936270073325048
2021-01-24,-14.8,5,0,0,0,0,0,0,1,14.716898232451227
2021-01-23,-9.1,7,0,0,0,0,0,1,0,16.994158831028326
2021-01-22,-7.55,14,0,0,0,0,1,0,0,23.008325104644474
2021-01-21,-5.3,15,0,0,0,1,0,0,0,20.468561443061414
2021-01-20,-2.59,17,0,0,1,0,0,0,0,20.422072522768087
2021-01-19,0.09,10,0,1,0,0,0,0,0,19.271713091495887
2021-01-18,-1.45,20,1,0,0,0,0,0,0,17.835988236540775
2021-01-17,2.04,6,0,0,0,0,0,0,1,11.027234194893124
2021-01-16,1.6,8,0,0,0,0,0,1,0,14.64977609932573
2021-01-15,0.44,23,0,0,0,0,1,0,0,21.257706597513284
2021-01-14,-2.5,10,0,0,0,1,0,0,0,19.85507811140092
2021-01-13,3.65,15,0,0,1,0,0,0,0,19.054881097924707
2021-01-12,2.95,15,0,1,0,0,0,0,0,18.64508368844267
2021-01-11,3.8,12,1,0,0,0,0,0,0,16.685706989677353
2021-01-10,-2.99,6,0,0,0,0,0,0,1,12.129313179983221
2021-01-09,-6.3,7,0,0,0,0,0,1,0,16.380675499367836
2021-01-08,-8.35,17,0,0,0,0,1,0,0,23.18360605654747
2021-01-07,-2.65,14,0,0,0,1,0,0,0,19.887943289882735
2021-01-06,-0.79,16,0,0,1,0,0,0,0,20.027690380986343
2021-01-05,0.9,16,0,1,0,0,0,0,0,19.0942411276941
2021-01-04,-1.95,17,1,0,0,0,0,0,0,17.94553883148015
2021-01-03,-0.64,4,0,0,0,0,0,0,1,11.614425383768166
2021-01-02,0.9,9,0,0,0,0,0,1,0,14.803146932240855
2021-01-01,-1.3,6,0,0,0,0,1,0,0,21.638942667902306
2020-12-31,-5.15,15,0,0,0,1,0,0,0,20.435696264579605
2020-12-30,-3.15,9,0,0,1,0,0,0,0,20.544769189100187
2020-12-29,-9.8,8,0,1,0,0,0,0,0,21.438623859396696
2020-12-28,-7.5,14,1,0,0,0,0,0,0,19.161550435307195
2020-12-27,-10.6,13,0,0,0,0,0,0,1,13.796673234960489
2020-12-26,-5.9,13,0,0,0,0,0,1,0,16.293035023416337
2020-12-24,4.45,16,0,0,0,1,0,0,0,18.33232484174363
2020-12-23,-6.45,43,0,0,1,0,0,0,0,21.26780311570005
2020-12-22,-10.45,34,0,1,0,0,0,0,0,21.581039632817884
2020-12-21,-0.25,28,1,0,0,0,0,0,0,17.573066808686278
2020-12-20,1.95,11,0,0,0,0,0,0,1,11.04695330198221
2020-12-19,0.89,15,0,0,0,0,0,1,0,14.805337944139643
2020-12-18,-2.7,16,0,0,0,0,1,0,0,21.94568433373255
2020-12-17,-1.44,13,0,0,0,1,0,0,0,19.62283085012945
2020-12-16,0.75,12,0,0,1,0,0,0,0,19.690274548573072
2020-12-15,-2.6,15,0,1,0,0,0,0,0,19.861095292269717
2020-12-14,-8.04,14,1,0,0,0,0,0,0,19.27986507784172
2020-12-13,-15.65,7,0,0,0,0,0,0,1,14.90313424384816
2020-12-12,-9.1,10,0,0,0,0,0,1,0,16.994158831028326
2020-12-11,-9.55,40,0,0,0,0,1,0,0,23.44652748440197
2020-12-10,-5.8,24,0,0,0,1,0,0,0,20.57811203800079
2020-12-09,-3.35,23,0,0,1,0,0,0,0,20.588589427075934
2020-12-08,5.6,12,0,1,0,0,0,0,0,18.06446553526399
2020-12-07,8.15,11,1,0,0,0,0,0,0,15.732616813704801
2020-12-06,5.25,12,0,0,0,0,0,0,1,10.323919375382344
2020-12-05,4.34,13,0,0,0,0,0,1,0,14.049438839057965
2020-12-04,6.0,16,0,0,0,0,1,0,0,20.03950398178745
2020-12-03,5.85,22,0,0,0,1,0,0,0,18.025583175913383
2020-12-02,2.19,21,0,0,1,0,0,0,0,19.374768835147677
2020-12-01,-1.54,17,0,1,0,0,0,0,0,19.628848030998245
2020-11-30,2.15,15,1,0,0,0,0,0,0,17.047223952977287
2020-11-29,-0.2,8,0,0,0,0,0,0,1,11.518020860221517
2020-11-28,1.15,12,0,0,0,0,0,1,0,14.748371634771168
2020-11-27,5.2,18,0,0,0,0,1,0,0,20.21478493369045
2020-11-26,0.59,21,0,0,0,1,0,0,0,19.178055434675596
2020-11-25,-1.2,14,0,0,1,0,0,0,0,20.11752186883663
2020-11-24,-0.5,12,0,1,0,0,0,0,0,19.40098279352435
2020-11-23,-2.7,20,1,0,0,0,0,0,0,18.10986472388921
2020-11-22,-4.65,10,0,0,0,0,0,0,1,12.493021155181943
2020-11-21,-0.04,12,0,0,0,0,0,1,0,15.009102050726877
2020-11-20,-5.65,17,0,0,0,0,1,0,0,22.592032843874854
2020-11-19,-10.05,14,0,0,0,1,0,0,0,21.509292094985465
2020-11-18,-1.95,17,0,0,1,0,0,0,0,20.28184776124569
2020-11-17,2.25,13,0,1,0,0,0,0,0,18.798454521357794
2020-11-16,-0.2,22,1,0,0,0,0,0,0,17.56211174919234
2020-11-15,-1.79,7,0,0,0,0,0,0,1,11.866391752128726
2020-11-14,-2.75,15,0,0,0,0,0,1,0,15.602866275298283
2020-11-13,-2.95,17,0,0,0,0,1,0,0,22.000459631202236
2020-11-12,-5.05,13,0,0,0,1,0,0,0,20.41378614559173
2020-11-11,-9.55,15,0,0,1,0,0,0,0,21.947016804324168
2020-11-10,-1.79,50,0,1,0,0,0,0,0,19.68362332846793
2020-11-09,-5.25,14,1,0,0,0,0,0,0,18.668572758080014
2020-11-08,-8.94,3,0,0,0,0,0,0,1,13.432965259761767
2020-11-07,-3.7,28,0,0,0,0,0,1,0,15.811012405683092
2020-11-06,0.89,12,0,0,0,0,1,0,0,21.159111062067847
2020-11-05,7.15,11,0,0,0,1,0,0,0,17.740751629071013
2020-11-04,8.95,17,0,0,1,0,0,0,0,17.893644791567343
2020-11-03,12.6,23,0,1,0,0,0,0,0,16.53075720611276
2020-11-02,14.05,28,1,0,0,0,0,0,0,14.439919793420193
2020-11-01,8.25,5,0,0,0,0,0,0,1,9.666615805746103
2020-10-31,3.34,14,0,0,0,0,0,1,0,14.26854002893671
2020-10-30,5.6,17,0,0,0,0,1,0,0,20.12714445773895
2020-10-29,2.29,15,0,0,0,1,0,0,0,18.805583411881724
2020-10-28,2.04,19,0,0,1,0,0,0,0,19.407634013629487
2020-10-27,7.85,17,0,1,0,0,0,0,0,17.57148785803681
2020-10-26,-0.25,16,1,0,0,0,0,0,0,17.573066808686278
2020-10-25,-9.44,7,0,0,0,0,0,0,1,13.542515854701142
2020-10-24,-12.05,25,0,0,0,0,0,1,0,17.640507341170633
2020-10-23,-10.4,33,0,0,0,0,1,0,0,23.632763495798905
2020-10-22,-9.05,7,0,0,0,1,0,0,0,21.290190905106716
2020-10-21,-5.85,24,0,0,1,0,0,0,0,21.136342401772804
2020-10-20,-1.35,15,0,1,0,0,0,0,0,19.58721880492128
2020-10-16,0.05,1,0,0,0,0,1,0,0,21.343156061565995
2020-10-15,0.6,6,0,0,0,1,0,0,0,19.175864422776808
2020-10-14,1.75,15,0,0,1,0,0,0,0,19.471173358694326
2020-10-13,0.75,18,0,1,0,0,0,0,0,19.127106306175914
2020-10-12,2.4,13,1,0,0,0,0,0,0,16.992448655507598
2020-10-11,7.25,16,0,0,0,0,0,0,1,9.88571699562485
2020-10-10,15.45,14,0,0,0,0,0,1,0,11.615224619505083
2020-10-09,7.85,14,0,0,0,0,1,0,0,19.63416678051177
2020-10-08,11.35,14,0,0,0,1,0,0,0,16.820526631580275
2020-10-07,10.7,15,0,0,1,0,0,0,0,17.510217709279537
2020-10-06,12.5,18,0,1,0,0,0,0,0,16.552667325100636
2020-10-05,14.05,16,1,0,0,0,0,0,0,14.439919793420193
2020-10-04,16.29,15,0,0,0,0,0,0,1,7.905042239120975
2020-10-03,13.3,11,0,0,0,0,0,1,0,12.086292177744388
2020-10-02,12.95,14,0,0,0,0,1,0,0,18.516750712130158
2020-10-01,13.8,32,0,0,0,1,0,0,0,16.283728716377343
2020-09-30,10.3,21,0,0,1,0,0,0,0,17.597858185231036
2020-09-29,13.2,16,0,1,0,0,0,0,0,16.39929649218551
2020-09-28,14.8,16,1,0,0,0,0,0,0,14.275593901011133
2020-09-27,11.6,10,0,0,0,0,0,0,1,8.9326268196523
2020-09-26,11.3,13,0,0,0,0,0,1,0,12.524494557501884
2020-09-25,11.05,15,0,0,0,0,1,0,0,18.933042972899777
2020-09-24,14.75,21,0,0,0,1,0,0,0,16.07558258599253
2020-09-23,12.8,16,0,0,1,0,0,0,0,17.050105210534166
2020-09-22,10.75,12,0,1,0,0,0,0,0,16.936094407388442
2020-09-21,12.95,16,1,0,0,0,0,0,0,14.680931102286817
2020-09-20,13.9,12,0,0,0,0,0,0,1,8.42869408293118
2020-09-19,15.05,10,0,0,0,0,0,1,0,11.70286509545658
2020-09-18,13.45,15,0,0,0,0,1,0,0,18.407200117190783
2020-09-17,13.55,22,0,0,0,1,0,0,0,16.33850401384703
2020-09-16,13.3,7,0,0,1,0,0,0,0,16.940554615594795
2020-09-15,9.25,8,0,1,0,0,0,0,0,17.264746192206562
2020-09-14,8.3,11,1,0,0,0,0,0,0,15.69975163522299
2020-09-13,11.3,9,0,0,0,0,0,0,1,8.998357176615924
2020-09-12,13.5,7,0,0,0,0,0,1,0,12.042471939768639
2020-09-11,18.64,26,0,0,0,0,1,0,0,17.270064941720086
2020-09-10,16.0,24,0,0,0,1,0,0,0,15.8017060986441
2020-09-09,14.45,18,0,0,1,0,0,0,0,16.688588247234236
2020-09-08,10.75,7,0,1,0,0,0,0,0,16.936094407388442
2020-09-07,6.7,7,1,0,0,0,0,0,0,16.050313539028984
2020-09-06,10.3,10,0,0,0,0,0,0,1,9.217458366494672
2020-09-05,20.2,7,0,0,0,0,0,1,0,10.574493967581034
2020-09-04,16.95,16,0,0,0,0,1,0,0,17.640345952615167
2020-09-03,14.64,24,0,0,0,1,0,0,0,16.099683716879195
2020-09-02,14.3,20,0,0,1,0,0,0,0,16.721453425716046
2020-09-01,17.3,18,0,1,0,0,0,0,0,15.500981613682647
2020-08-31,13.0,10,1,0,0,0,0,0,0,14.669976042792879
2020-08-30,12.7,14,0,0,0,0,0,0,1,8.691615510785677
2020-08-29,14.4,15,0,0,0,0,0,1,0,11.845280868877767
2020-08-28,17.55,14,0,0,0,0,1,0,0,17.50888523868792
2020-08-27,14.6,20,0,0,0,1,0,0,0,16.108447764474345
2020-08-26,15.3,21,0,0,1,0,0,0,0,16.5023522358373
2020-08-25,17.05,14,0,1,0,0,0,0,0,15.555756911152335
2020-08-24,20.25,24,1,0,0,0,0,0,0,13.081492416171962
2020-08-23,16.3,14,0,0,0,0,0,0,1,7.902851227222188
2020-08-22,18.3,15,0,0,0,0,0,1,0,10.990786228350652
2020-08-21,19.35,29,0,0,0,0,1,0,0,17.114503096906173
2020-08-20,20.39,11,0,0,0,1,0,0,0,14.839851875076398
2020-08-19,20.5,21,0,0,1,0,0,0,0,15.363026048467814
2020-08-18,24.7,24,0,1,0,0,0,0,0,13.879632808579919
2020-08-17,23.6,14,1,0,0,0,0,0,0,12.347503430078158
2020-08-16,20.85,9,0,0,0,0,0,0,1,6.9059408132738875
2020-08-15,19.75,12,0,0,0,0,0,1,0,10.67308950302647
2020-08-14,13.75,25,0,0,0,0,1,0,0,18.34146976022716
2020-08-13,14.55,26,0,0,0,1,0,0,0,16.119402823968283
2020-08-12,13.85,20,0,0,1,0,0,0,0,16.820048961161483
2020-08-11,15.5,3,0,1,0,0,0,0,0,15.895363755464393
2020-08-10,20.2,21,1,0,0,0,0,0,0,13.0924474756659
2020-08-09,13.25,15,0,0,0,0,0,0,1,8.571109856352367
2020-08-08,16.35,17,0,0,0,0,0,1,0,11.41803354861421
2020-08-07,15.25,11,0,0,0,0,1,0,0,18.01281797540904
2020-08-06,21.05,14,0,0,0,1,0,0,0,14.695245089756426
2020-08-05,20.75,13,0,0,1,0,0,0,0,15.308250750998127
2020-08-04,18.14,16,0,1,0,0,0,0,0,15.3169366141845
2020-08-03,21.85,11,1,0,0,0,0,0,0,12.730930512365966
2020-08-02,21.15,11,0,0,0,0,0,0,1,6.840210456310264
2020-08-01,21.8,10,0,0,0,0,0,1,0,10.223932063775038
2020-07-31,22.25,23,0,0,0,0,1,0,0,16.479109646257807
2020-07-30,21.3,16,0,0,0,1,0,0,0,14.640469792286739
2020-07-29,22.25,6,0,0,1,0,0,0,0,14.979598966180006
2020-07-28,21.15,19,0,1,0,0,0,0,0,14.657442032649472
2020-07-27,19.0,10,1,0,0,0,0,0,0,13.355368903520395
2020-07-26,16.04,10,0,0,0,0,0,0,1,7.959817536590663
2020-07-25,13.9,14,0,0,0,0,0,1,0,11.95483146381714
2020-07-24,14.2,8,0,0,0,0,1,0,0,18.242874224781723
2020-07-23,17.6,18,0,0,0,1,0,0,0,15.451144194838104
2020-07-22,19.35,23,0,0,1,0,0,0,0,15.614992416828374
2020-07-21,18.85,24,0,1,0,0,0,0,0,15.161374769370589
2020-07-20,16.7,16,1,0,0,0,0,0,0,13.859301640241513
2020-07-19,16.95,8,0,0,0,0,0,0,1,7.760435453801002
2020-07-18,16.45,11,0,0,0,0,0,1,0,11.396123429626336
2020-07-17,16.55,10,0,0,0,0,1,0,0,17.727986428566666
2020-07-16,19.64,16,0,0,0,1,0,0,0,15.004177767485459
2020-07-15,17.85,12,0,0,1,0,0,0,0,15.943644201646494
2020-07-14,17.7,18,0,1,0,0,0,0,0,15.413341137731148
2020-07-13,14.15,18,1,0,0,0,0,0,0,14.41800967443232
2020-07-12,15.8,3,0,0,0,0,0,0,1,8.01240182216156
2020-07-11,16.1,15,0,0,0,0,0,1,0,11.472808846083897
2020-07-10,16.5,12,0,0,0,0,1,0,0,17.738941488060604
2020-07-09,14.9,14,0,0,0,1,0,0,0,16.04271740751072
2020-07-08,14.2,20,0,0,1,0,0,0,0,16.74336354470392
2020-07-07,13.55,12,0,1,0,0,0,0,0,16.32261107572795
2020-07-06,15.95,7,1,0,0,0,0,0,0,14.023627532650574
2020-07-05,13.7,4,0,0,0,0,0,0,1,8.472514320906932
2020-07-04,15.1,15,0,0,0,0,0,1,0,11.691910035962644
2020-07-03,17.05,11,0,0,0,0,1,0,0,17.61843583362729
2020-07-02,15.6,13,0,0,0,1,0,0,0,15.889346574595598
2020-07-01,15.35,16,0,0,1,0,0,0,0,16.491397176343362
2020-06-30,11.89,20,0,1,0,0,0,0,0,16.68631905092667
2020-06-29,13.6,6,1,0,0,0,0,0,0,14.53851532886563
2020-06-28,11.4,8,0,0,0,0,0,0,1,8.976447057628048
2020-06-27,14.14,8,0,0,0,0,0,1,0,11.902247178246242
2020-06-26,19.14,15,0,0,0,0,1,0,0,17.16051434678071
2020-06-25,16.45,21,0,0,0,1,0,0,0,15.703110563198663
2020-06-24,16.55,20,0,0,1,0,0,0,0,16.228475748488865
2020-06-23,18.85,10,0,1,0,0,0,0,0,15.161374769370589
2020-06-22,16.89,9,1,0,0,0,0,0,0,13.817672414164551
2020-06-21,17.25,16,0,0,0,0,0,0,1,7.694705096837378
2020-06-20,16.95,7,0,0,0,0,0,1,0,11.286572834686963
2020-06-19,14.55,16,0,0,0,0,1,0,0,18.16618880832416
2020-06-18,12.25,15,0,0,0,1,0,0,0,16.6233355606894
2020-06-17,12.1,21,0,0,1,0,0,0,0,17.203476043449292
2020-06-16,13.4,11,0,1,0,0,0,0,0,16.355476254209762
2020-06-15,12.75,11,1,0,0,0,0,0,0,14.724751340262566
2020-06-14,14.25,19,0,0,0,0,0,0,1,8.352008666473619
2020-06-13,16.25,21,0,0,0,0,0,1,0,11.439943667602085
2020-06-12,20.5,16,0,0,0,0,1,0,0,16.862536728545614
2020-06-11,16.2,11,0,0,0,1,0,0,0,15.75788586066835
2020-06-10,16.55,11,0,0,1,0,0,0,0,16.228475748488865
2020-06-09,11.25,21,0,1,0,0,0,0,0,16.826543812449067
2020-06-08,10.75,21,1,0,0,0,0,0,0,15.16295372002006
2020-06-07,9.69,9,0,0,0,0,0,0,1,9.351110092320708
2020-06-06,14.25,11,0,0,0,0,0,1,0,11.878146047359579
2020-06-05,11.3,13,0,0,0,0,1,0,0,18.878267675430088
2020-06-04,10.7,8,0,0,0,1,0,0,0,16.96294240500146
2020-06-03,12.8,11,0,0,1,0,0,0,0,17.050105210534166
2020-06-02,13.45,12,0,1,0,0,0,0,0,16.344521194715824
2020-06-01,12.45,26,1,0,0,0,0,0,0,14.79048169722619
2020-05-31,15.0,16,0,0,0,0,0,0,1,8.187682774064559
2020-05-30,18.1,12,0,0,0,0,0,1,0,11.034606466326402
2020-05-29,14.45,16,0,0,0,0,1,0,0,18.188098927312037
2020-05-28,11.1,7,0,0,0,1,0,0,0,16.87530192904996
2020-05-27,9.94,17,0,0,1,0,0,0,0,17.676734613587385
2020-05-26,10.65,10,0,1,0,0,0,0,0,16.958004526376318
2020-05-25,13.95,11,1,0,0,0,0,0,0,14.461829912408069
2020-05-24,11.65,4,0,0,0,0,0,0,1,8.921671760158363
2020-05-23,10.15,8,0,0,0,0,0,1,0,12.776460925862443
2020-05-22,4.09,19,0,0,0,0,1,0,0,20.45798725445586
2020-05-21,5.44,24,0,0,0,1,0,0,0,18.11541466376367
2020-05-20,9.75,16,0,0,1,0,0,0,0,17.718363839664345
2020-05-19,11.3,13,0,1,0,0,0,0,0,16.81558875295513
2020-05-18,14.39,8,1,0,0,0,0,0,0,14.36542538886142
2020-05-17,13.8,10,0,0,0,0,0,0,1,8.450604201919056
2020-05-16,12.4,11,0,0,0,0,0,1,0,12.283483248635262
2020-05-15,10.2,14,0,0,0,0,1,0,0,19.119278984296713
2020-05-14,10.25,17,0,0,0,1,0,0,0,17.061537940446897
2020-05-13,7.75,12,0,0,1,0,0,0,0,18.15656621942184
2020-05-12,6.15,12,0,1,0,0,0,0,0,17.94395988083068
2020-05-11,3.8,10,1,0,0,0,0,0,0,16.685706989677353
2020-05-10,3.8,8,0,0,0,0,0,0,1,10.641616100706528
2020-05-09,6.65,8,0,0,0,0,0,1,0,13.543315090438059
2020-05-08,7.35,5,0,0,0,0,1,0,0,19.74371737545114
2020-05-07,11.25,10,0,0,0,1,0,0,0,16.842436750568147
2020-05-06,8.85,13,0,0,1,0,0,0,0,17.91555491055522
2020-05-05,7.65,11,0,1,0,0,0,0,0,17.61530809601256
2020-05-04,4.55,15,1,0,0,0,0,0,0,16.521381097268293
2020-05-03,9.25,4,0,0,0,0,0,0,1,9.447514615867355
2020-05-02,9.75,5,0,0,0,0,0,1,0,12.864101401813942
2020-05-01,7.85,16,0,0,0,0,1,0,0,19.63416678051177
2020-04-30,12.1,16,0,0,0,1,0,0,0,16.656200739171215
2020-04-29,12.45,9,0,0,1,0,0,0,0,17.12679062699173
2020-04-28,8.6,8,0,1,0,0,0,0,0,17.407161965627747
2020-04-27,9.04,13,1,0,0,0,0,0,0,15.537616754712717
2020-04-26,8.44,6,0,0,0,0,0,0,1,9.624986579669141
2020-04-25,8.94,5,0,0,0,0,0,1,0,13.041573365615728
2020-04-24,8.65,15,0,0,0,0,1,0,0,19.45888582860877
2020-04-23,7.4,6,0,0,0,1,0,0,0,17.685976331601324
2020-04-22,8.75,9,0,0,1,0,0,0,0,17.937465029543095
2020-04-21,12.95,10,0,1,0,0,0,0,0,16.4540717896552
2020-04-20,12.35,17,1,0,0,0,0,0,0,14.812391816214063
2020-04-19,6.9,7,0,0,0,0,0,0,1,9.962402412082412
2020-04-18,2.2,5,0,0,0,0,0,1,0,14.518315385398482
2020-04-17,7.85,5,0,0,0,0,1,0,0,19.63416678051177
2020-04-16,2.9,9,0,0,0,1,0,0,0,18.67193168605569
2020-04-15,-0.5,8,0,0,1,0,0,0,0,19.964151035921507
2020-04-14,3.55,6,0,1,0,0,0,0,0,18.51362297451542
2020-04-13,-2.45,11,1,0,0,0,0,0,0,18.055089426419524
2020-04-12,-5.65,2,0,0,0,0,0,0,1,12.71212234506069
2020-04-11,-5.85,11,0,0,0,0,0,1,0,16.2820799639224
2020-04-10,0.39,3,0,0,0,0,1,0,0,21.268661657007222
2020-04-09,5.2,8,0,0,0,1,0,0,0,18.16799894933457
2020-04-08,0.75,2,0,0,1,0,0,0,0,19.690274548573072
2020-04-07,0.85,12,0,1,0,0,0,0,0,19.10519618718804
2020-04-06,-0.39,13,1,0,0,0,0,0,0,17.603740975269304
2020-04-05,-5.5,4,0,0,0,0,0,0,1,12.679257166578877
2020-04-04,-7.19,4,0,0,0,0,0,1,0,16.57567555835992
2020-04-03,-9.5,12,0,0,0,0,1,0,0,23.43557242490803
2020-04-02,-11.7,14,0,0,0,1,0,0,0,21.870809058285396
2020-04-01,-12.55,7,0,0,1,0,0,0,0,22.60432037396041
2020-03-31,-9.94,17,0,1,0,0,0,0,0,21.46929802597972
2020-03-30,-4.8,6,1,0,0,0,0,0,0,18.569977222634577
2020-03-29,4.8,2,0,0,0,0,0,0,1,10.42251491082778
2020-03-28,1.69,3,0,0,0,0,0,1,0,14.630056992236645
2020-03-27,3.3,6,0,0,0,0,1,0,0,20.63107719446007
2020-03-26,0.1,7,0,0,0,1,0,0,0,19.28541501771618
2020-03-25,-4.89,7,0,0,1,0,0,0,0,20.926005259489205
2020-03-24,-3.75,8,0,1,0,0,0,0,0,20.113061660630276
2020-03-23,2.35,10,1,0,0,0,0,0,0,17.003403715001536
2020-03-22,0.59,6,0,0,0,0,0,0,1,11.344930920217307
2020-03-21,-2.0,5,0,0,0,0,0,1,0,15.438540382889222
2020-03-20,-5.44,9,0,0,0,0,1,0,0,22.54602159400032
2020-03-19,-9.9,5,0,0,0,1,0,0,0,21.47642691650365
2020-03-18,-8.25,15,0,0,1,0,0,0,0,21.662185257481795
2020-03-17,-1.95,8,0,1,0,0,0,0,0,19.718679518848532
2020-03-16,-5.8,17,1,0,0,0,0,0,0,18.789078412513327
2020-03-15,-16.64,10,0,0,0,0,0,0,1,15.120044421828121
2020-03-14,-19.6,26,0,0,0,0,0,1,0,19.294721324755173
2020-03-13,-14.6,44,0,0,0,0,1,0,0,24.552988493289643
2020-03-12,-3.65,25,0,0,0,1,0,0,0,20.10704447976148
2020-03-11,-0.45,13,0,0,1,0,0,0,0,19.95319597642757
2020-03-10,-2.19,19,0,1,0,0,0,0,0,19.77126380441943
2020-03-09,-6.4,22,1,0,0,0,0,0,0,18.920539126440573
2020-03-08,-12.64,18,0,0,0,0,0,0,1,14.243639662313132
2020-03-07,-10.85,26,0,0,0,0,0,1,0,17.377585913316135
2020-03-06,0.75,22,0,0,0,0,1,0,0,21.189785228650873
2020-03-05,0.75,20,0,0,0,1,0,0,0,19.142999244294995
2020-03-04,0.65,22,0,0,1,0,0,0,0,19.712184667560948
2020-03-03,1.99,31,0,1,0,0,0,0,0,18.855420830726267
2020-03-02,4.45,24,1,0,0,0,0,0,0,16.54329121625617
2020-03-01,-3.6,13,0,0,0,0,0,0,1,12.262964905809257
2020-02-29,1.5,10,0,0,0,0,0,1,0,14.671686218313607
2020-02-28,5.45,26,0,0,0,0,1,0,0,20.16000963622076
2020-02-27,4.75,24,0,0,0,1,0,0,0,18.266594484780004
2020-02-26,0.45,19,0,0,1,0,0,0,0,19.756004905536695
2020-02-25,-6.3,31,0,1,0,0,0,0,0,20.671769694821084
2020-02-24,-5.15,20,1,0,0,0,0,0,0,18.646662639092142
2020-02-23,-3.65,13,0,0,0,0,0,0,1,12.273919965303195
2020-02-22,0.04,14,0,0,0,0,0,1,0,14.991573955536577
2020-02-21,1.54,28,0,0,0,0,1,0,0,21.016695288646662
2020-02-20,-1.29,28,0,0,0,1,0,0,0,19.58996567164764
2020-02-19,-7.35,24,0,0,1,0,0,0,0,21.464994186590925
2020-02-18,-11.95,36,0,1,0,0,0,0,0,21.909691417636004
2020-02-17,-9.75,14,1,0,0,0,0,0,0,19.65452811253438
2020-02-16,-2.35,10,0,0,0,0,0,0,1,11.989088418460824
2020-02-15,-1.65,14,0,0,0,0,0,1,0,15.36185496643166
2020-02-14,-3.6,29,0,0,0,0,1,0,0,22.142875404623425
2020-02-13,-2.95,19,0,0,0,1,0,0,0,19.953673646846358
2020-02-12,-10.65,20,0,0,1,0,0,0,0,22.18802811319079
2020-02-11,-1.7,21,0,1,0,0,0,0,0,19.663904221378846
2020-02-10,-3.35,18,1,0,0,0,0,0,0,18.252280497310394
2020-02-09,-5.0,13,0,0,0,0,0,0,1,12.569706571639504
2020-02-08,-6.1,14,0,0,0,0,0,1,0,16.336855261392085
2020-02-07,-4.55,14,0,0,0,0,1,0,0,22.351021535008233
2020-02-06,-1.24,19,0,0,0,1,0,0,0,19.579010612153702
2020-02-05,1.0,10,0,0,1,0,0,0,0,19.635499251103386
2020-02-04,-8.9,16,0,1,0,0,0,0,0,21.241432788505826
2020-02-03,-9.15,15,1,0,0,0,0,0,0,19.52306739860713
2020-02-02,-6.5,28,0,0,0,0,0,0,1,12.898358356457624
2020-02-01,2.95,6,0,0,0,0,0,1,0,14.353989492989422
2020-01-31,2.29,17,0,0,0,0,1,0,0,20.852369396237602
2020-01-30,1.7,8,0,0,0,1,0,0,0,18.934853113910183
2020-01-29,-0.94,7,0,0,1,0,0,0,0,20.060555559468156
2020-01-28,-1.05,16,0,1,0,0,0,0,0,19.52148844795766
2020-01-27,1.04,14,1,0,0,0,0,0,0,17.290426273742696
2020-01-26,-2.25,9,0,0,0,0,0,0,1,11.967178299472948
2020-01-25,2.65,17,0,0,0,0,0,1,0,14.419719849953047
2020-01-24,5.4,21,0,0,0,0,1,0,0,20.170964695714698
2020-01-23,0.34,19,0,0,0,1,0,0,0,19.23283073214528
2020-01-22,0.89,28,0,0,1,0,0,0,0,19.659600381990046
2020-01-21,-0.6,17,0,1,0,0,0,0,0,19.42289291251222
2020-01-20,1.9,19,1,0,0,0,0,0,0,17.101999250446973
2020-01-19,-8.39,19,0,0,0,0,0,0,1,13.312459605328456
2020-01-18,-23.65,19,0,0,0,0,0,1,0,20.182081143764098
2020-01-17,-24.9,30,0,0,0,0,1,0,0,26.80973074904074
2020-01-16,-28.4,30,0,0,0,1,0,0,0,25.529798929260476
2020-01-15,-29.7,38,0,0,1,0,0,0,0,26.361905780380923
2020-01-14,-29.79,55,0,1,0,0,0,0,0,25.818456645072853
2020-01-13,-27.55,57,1,0,0,0,0,0,0,23.554529292376078
2020-01-12,-22.5,6,0,0,0,0,0,0,1,16.40397739451758
2020-01-11,-15.25,17,0,0,0,0,0,1,0,18.34163114878262
2020-01-10,-13.55,27,0,0,0,0,1,0,0,24.32293224391696
2020-01-09,-15.7,22,0,0,0,1,0,0,0,22.747213817800386
2020-01-08,-10.7,24,0,0,1,0,0,0,0,22.198983172684727
2020-01-07,-9.3,18,0,1,0,0,0,0,0,21.329073264457325
2020-01-06,-4.14,16,1,0,0,0,0,0,0,18.425370437314605
2020-01-05,-3.84,6,0,0,0,0,0,0,1,12.315549191380157
2020-01-04,2.75,15,0,0,0,0,0,1,0,14.397809730965172
2020-01-03,-0.45,21,0,0,0,0,1,0,0,21.45270665650537
2020-01-02,-2.95,29,0,0,0,1,0,0,0,19.953673646846358
2020-01-01,-0.25,5,0,0,1,0,0,0,0,19.909375738451818
2019-12-31,4.25,4,0,1,0,0,0,0,0,18.3602521416003
2019-12-30,-1.54,13,1,0,0,0,0,0,0,17.855707343629863
2019-12-29,-3.3,6,0,0,0,0,0,0,1,12.197234548845634
2019-12-28,-7.69,11,0,0,0,0,0,1,0,16.685226153299293
2019-12-27,-5.15,12,0,0,0,0,1,0,0,22.482482248935483
2019-12-26,-9.1,15,0,0,0,1,0,0,0,21.301145964600654
2019-12-25,-9.6,10,0,0,1,0,0,0,0,21.957971863818106
2019-12-24,-11.4,15,0,1,0,0,0,0,0,21.789185763202692
2019-12-23,-6.6,24,1,0,0,0,0,0,0,18.964359364416325
2019-12-22,-4.09,16,0,0,0,0,0,0,1,12.370324488849844
2019-12-21,-1.09,13,0,0,0,0,0,1,0,15.239158300099561
2019-12-20,1.6,29,0,0,0,0,1,0,0,21.003549217253937
2019-12-19,-0.1,25,0,0,0,1,0,0,0,19.32923525569193
2019-12-18,1.95,27,0,0,1,0,0,0,0,19.427353120718575
2019-12-17,3.65,17,0,1,0,0,0,0,0,18.49171285552755
2019-12-16,-5.09,20,1,0,0,0,0,0,0,18.633516567699417
2019-12-15,-9.95,13,0,0,0,0,0,0,1,13.654257461539302
2019-12-14,-8.4,12,0,0,0,0,0,1,0,16.840787998113203
2019-12-13,-12.2,23,0,0,0,0,1,0,0,24.02714563758065
2019-12-12,-9.4,27,0,0,0,1,0,0,0,21.366876321564277
2019-12-11,-9.35,33,0,0,1,0,0,0,0,21.90319656634842
2019-12-10,-7.5,21,0,1,0,0,0,0,0,20.934691122675577
2019-12-09,-4.69,34,1,0,0,0,0,0,0,18.545876091747918
2019-12-08,-11.15,26,0,0,0,0,0,0,1,13.9171788893938
2019-12-07,-4.39,13,0,0,0,0,0,1,0,15.962192226699427
2019-12-06,-5.95,22,0,0,0,0,1,0,0,22.657763200838478
2019-12-05,-7.05,35,0,0,0,1,0,0,0,20.851988525349224
2019-12-04,-4.5,23,0,0,1,0,0,0,0,20.840555795436494
2019-12-03,3.05,24,0,1,0,0,0,0,0,18.623173569454796
2019-12-02,2.9,13,1,0,0,0,0,0,0,16.882898060568227
2019-12-01,-5.44,12,0,0,0,0,0,0,1,12.666111095186153
2019-11-30,-15.45,22,0,0,0,0,0,1,0,18.385451386758373
2019-11-29,-16.1,43,0,0,0,0,1,0,0,24.881640278107763
2019-11-28,-16.25,39,0,0,0,1,0,0,0,22.8677194722337
2019-11-27,-11.0,36,0,0,1,0,0,0,0,22.26471352964835
2019-11-26,-5.7,28,0,1,0,0,0,0,0,20.540308980893833
2019-11-25,-2.65,25,1,0,0,0,0,0,0,18.098909664395272
2019-11-24,3.25,8,0,0,0,0,0,0,1,10.76212175513984
2019-11-23,7.1,10,0,0,0,0,0,1,0,13.444719554992622
2019-11-22,2.65,23,0,0,0,0,1,0,0,20.773492967881253
2019-11-21,-2.35,19,0,0,0,1,0,0,0,19.82221293291911
2019-11-20,-4.75,25,0,0,1,0,0,0,0,20.895331092906183
2019-11-19,0.44,18,0,1,0,0,0,0,0,19.195027675038325
2019-11-18,5.15,12,1,0,0,0,0,0,0,16.389920383341043
2019-11-17,8.1,1,0,0,0,0,0,0,1,9.699480984227915
2019-11-16,4.05,11,0,0,0,0,0,1,0,14.1129781841228
2019-11-15,7.19,24,0,0,0,0,1,0,0,19.77877356583174
2019-11-14,2.0,20,0,0,0,1,0,0,0,18.86912275694656
2019-11-13,4.8,23,0,0,1,0,0,0,0,18.802914729564147
2019-11-12,3.25,21,0,1,0,0,0,0,0,18.579353331479044
2019-11-11,-5.8,10,1,0,0,0,0,0,0,18.789078412513327
2019-11-10,-14.55,16,0,0,0,0,0,0,1,14.66212293498154
2019-11-09,-3.75,14,0,0,0,0,0,1,0,15.821967465177028
2019-11-08,7.25,28,0,0,0,0,1,0,0,19.765627494439016
2019-11-07,-1.45,22,0,0,0,1,0,0,0,19.625021862028238
2019-11-06,-9.69,13,0,0,1,0,0,0,0,21.977690970907194
2019-11-05,-5.2,19,0,1,0,0,0,0,0,20.43075838595446
2019-11-04,-1.4,11,1,0,0,0,0,0,0,17.825033177046837
2019-11-03,0.55,16,0,0,0,0,0,0,1,11.353694967812457
2019-11-02,3.45,17,0,0,0,0,0,1,0,14.24443889805005
2019-11-01,0.75,19,0,0,0,0,1,0,0,21.189785228650873
2019-10-31,0.95,22,0,0,0,1,0,0,0,19.099179006319243
2019-10-30,-1.25,25,0,0,1,0,0,0,0,20.128476928330567
2019-10-29,-9.9,16,0,1,0,0,0,0,0,21.46053397838457
2019-10-28,-7.65,31,1,0,0,0,0,0,0,19.19441561378901
2019-10-27,-2.04,6,0,0,0,0,0,0,1,11.921167049598411
2019-10-26,-2.2,13,0,0,0,0,0,1,0,15.482360620864972
2019-10-25,9.45,24,0,0,0,0,1,0,0,19.283604876705773
2019-10-24,6.9,23,0,0,0,1,0,0,0,17.7955269265407
2019-10-23,2.6,11,0,0,1,0,0,0,0,19.28493734729739
2019-10-22,5.55,15,0,1,0,0,0,0,0,18.075420594757926
2019-10-21,3.75,7,1,0,0,0,0,0,0,16.69666204917129
2019-10-20,0.95,7,0,0,0,0,0,0,1,11.266054491860958
2019-10-19,4.45,6,0,0,0,0,0,1,0,14.025337708171302
2019-10-18,5.95,18,0,0,0,0,1,0,0,20.05045904128139
2019-10-17,8.19,23,0,0,0,1,0,0,0,17.512886391597114
2019-10-16,11.95,26,0,0,1,0,0,0,0,17.236341221931102
2019-10-15,4.09,23,0,1,0,0,0,0,0,18.3953083319809
2019-10-14,1.5,3,1,0,0,0,0,0,0,17.18963972639847
2019-10-13,4.25,6,0,0,0,0,0,0,1,10.543020565261092
2019-10-12,2.99,17,0,0,0,0,0,1,0,14.345225445394274
2019-10-11,-0.1,21,0,0,0,0,1,0,0,21.37602124004781
2019-10-10,-3.59,20,0,0,0,1,0,0,0,20.09389840836876
2019-10-09,-5.8,25,0,0,1,0,0,0,0,21.125387342278866
2019-10-08,-2.15,49,0,1,0,0,0,0,0,19.76249975682428
2019-10-07,9.95,19,1,0,0,0,0,0,0,15.338234671923058
2019-10-06,11.65,13,0,0,0,0,0,0,1,8.921671760158363
2019-10-05,9.3,16,0,0,0,0,0,1,0,12.962696937259377
2019-10-04,6.7,20,0,0,0,0,1,0,0,19.886133148872325
2019-10-03,3.8,17,0,0,0,1,0,0,0,18.474740615164816
2019-10-02,2.95,23,0,0,1,0,0,0,0,19.20825193083983
2019-10-01,-1.5,20,0,1,0,0,0,0,0,19.620083983403095
2019-09-30,-2.19,36,1,0,0,0,0,0,0,17.998123117051048
2019-09-29,-2.29,54,0,0,0,0,0,0,1,11.975942347068099
2019-09-28,-2.2,32,0,0,0,0,0,1,0,15.482360620864972
2019-09-27,0.84,17,0,0,0,0,1,0,0,21.170066121561785
2019-09-26,6.85,16,0,0,0,1,0,0,0,17.806481986034637
2019-09-25,10.1,18,0,0,1,0,0,0,0,17.641678423206784
2019-09-24,10.8,24,0,1,0,0,0,0,0,16.925139347894504
2019-09-23,11.8,16,1,0,0,0,0,0,0,14.932897470647374
2019-09-22,15.15,11,0,0,0,0,0,0,1,8.154817595582747
2019-09-21,12.1,14,0,0,0,0,0,1,0,12.349213605598885
2019-09-20,11.6,23,0,0,0,0,1,0,0,18.812537318466465
2019-09-19,11.7,22,0,0,0,1,0,0,0,16.743841215122714
2019-09-18,10.85,18,0,0,1,0,0,0,0,17.477352530797724
2019-09-17,13.35,20,0,1,0,0,0,0,0,16.3664313137037
2019-09-16,14.55,19,1,0,0,0,0,0,0,14.33036919848082
2019-08-06,16.5,1,0,1,0,0,0,0,0,15.676262565585645
2019-06-13,20.75,15,0,0,0,1,0,0,0,14.76097544672005
2019-06-12,17.2,22,0,0,1,0,0,0,0,16.08605997506768
2019-06-11,14.0,18,0,1,0,0,0,0,0,16.224015540282515
2019-06-10,13.15,17,1,0,0,0,0,0,0,14.637110864311067
2019-06-09,11.25,10,0,0,0,0,0,0,1,9.009312236109862
2019-06-08,9.1,15,0,0,0,0,0,1,0,13.006517175235128
2019-06-07,5.6,17,0,0,0,0,1,0,0,20.12714445773895
2019-06-06,12.85,11,0,0,0,1,0,0,0,16.491874846762155
2019-06-05,14.8,11,0,0,1,0,0,0,0,16.611902830776675
2019-06-04,16.0,18,0,1,0,0,0,0,0,15.78581316052502
2019-06-03,18.25,20,1,0,0,0,0,0,0,13.519694795929455
2019-06-02,18.64,8,0,0,0,0,0,0,1,7.390154442905919
2019-06-01,17.75,17,0,0,0,0,0,1,0,11.111291882783965
2019-05-31,15.95,18,0,0,0,0,1,0,0,17.859447142493917
2019-05-30,17.89,9,0,0,0,1,0,0,0,15.387604849773266
2019-05-29,16.3,11,0,0,1,0,0,0,0,16.28325104595855
2019-05-28,14.05,15,0,1,0,0,0,0,0,16.213060480788577
2019-05-27,11.5,11,1,0,0,0,0,0,0,14.998627827611
2019-05-26,9.14,9,0,0,0,0,0,0,1,9.471615746754019
2019-05-25,8.19,7,0,0,0,0,0,1,0,13.205899258024788
2019-05-24,12.45,16,0,0,0,0,1,0,0,18.626301307069532
2019-05-23,13.0,12,0,0,0,1,0,0,0,16.45900966828034
2019-05-22,10.55,14,0,0,1,0,0,0,0,17.543082887761347
2019-05-21,5.8,13,0,1,0,0,0,0,0,18.02064529728824
2019-05-20,4.1,5,1,0,0,0,0,0,0,16.61997663271373
2019-05-19,6.65,5,0,0,0,0,0,0,1,10.017177709552099
2019-05-18,4.4,11,0,0,0,0,0,1,0,14.03629276766524
2019-05-17,5.05,10,0,0,0,0,1,0,0,20.24765011217226
2019-05-16,7.0,14,0,0,0,1,0,0,0,17.773616807552823
2019-05-15,12.8,12,0,0,1,0,0,0,0,17.050105210534166
2019-05-14,14.25,11,0,1,0,0,0,0,0,16.169240242812826
2019-05-13,12.39,11,1,0,0,0,0,0,0,14.803627768618915
2019-05-12,16.45,7,0,0,0,0,0,0,1,7.869986048740376
2019-05-11,12.15,14,0,0,0,0,0,1,0,12.338258546104948
2019-05-10,13.2,15,0,0,0,0,1,0,0,18.46197541466047
2019-05-09,9.54,13,0,0,0,1,0,0,0,17.217099785260807
2019-05-08,7.25,12,0,0,1,0,0,0,0,18.266116814361215
2019-05-07,5.8,9,0,1,0,0,0,0,0,18.02064529728824
2019-05-06,4.4,14,1,0,0,0,0,0,0,16.554246275750103
2019-05-05,-0.3,6,0,0,0,0,0,0,1,11.539930979209391
2019-05-04,-1.35,16,0,0,0,0,0,1,0,15.296124609468036
2019-05-03,4.05,12,0,0,0,0,1,0,0,20.46675130205101
2019-05-02,5.15,11,0,0,0,1,0,0,0,18.178954008828505
2019-05-01,2.29,16,0,0,1,0,0,0,0,19.3528587161598
2019-04-30,-0.45,10,0,1,0,0,0,0,0,19.39002773403041
2019-04-29,-0.25,7,1,0,0,0,0,0,0,17.573066808686278
2019-04-18,10.55,9,0,0,0,1,0,0,0,16.99580758348327
2019-04-17,8.19,13,0,0,1,0,0,0,0,18.06016169587519
2019-04-16,4.3,15,0,1,0,0,0,0,0,18.34929708210636
2019-04-15,2.65,17,1,0,0,0,0,0,0,16.937673358037912
2019-04-14,5.15,7,0,0,0,0,0,0,1,10.34582949437022
2019-04-13,5.0,17,0,0,0,0,0,1,0,13.90483205373799
2019-04-12,3.35,14,0,0,0,0,1,0,0,20.62012213496613
2019-04-11,2.8,23,0,0,0,1,0,0,0,18.69384180504356
2019-04-10,7.45,10,0,0,1,0,0,0,0,18.222296576385464
2019-04-09,4.15,11,0,1,0,0,0,0,0,18.382162260588174
2019-04-08,5.65,19,1,0,0,0,0,0,0,16.28036978840167
2019-04-07,7.05,6,0,0,0,0,0,0,1,9.9295372336006
2019-04-06,6.85,7,0,0,0,0,0,1,0,13.499494852462309
2019-04-05,4.45,16,0,0,0,0,1,0,0,20.37911082609951
2019-04-04,6.95,19,0,0,0,1,0,0,0,17.78457186704676
2019-04-03,4.69,10,0,0,1,0,0,0,0,18.827015860450807
2019-04-02,3.2,18,0,1,0,0,0,0,0,18.590308390972982
2019-04-01,4.45,5,1,0,0,0,0,0,0,16.54329121625617
2019-03-31,5.3,7,0,0,0,0,0,0,1,10.312964315888408
2019-03-30,5.55,8,0,0,0,0,0,1,0,13.78432639930468
2019-03-29,3.6,11,0,0,0,0,1,0,0,20.565346837496442
2019-03-28,2.5,7,0,0,0,1,0,0,0,18.75957216200719
2019-03-27,2.15,16,0,0,1,0,0,0,0,19.383532882742827
2019-03-26,7.2,10,0,1,0,0,0,0,0,17.713903631457995
2019-03-25,4.35,10,1,0,0,0,0,0,0,16.56520133524404
2019-03-24,0.4,11,0,0,0,0,0,0,1,11.386560146294268
2019-03-23,4.2,12,0,0,0,0,0,1,0,14.080113005640989
2019-03-22,6.15,10,0,0,0,0,1,0,0,20.006638803305638
2019-03-21,5.69,14,0,0,0,1,0,0,0,18.060639366293984
2019-03-20,7.35,12,0,0,1,0,0,0,0,18.24420669537334
2019-03-19,7.15,12,0,1,0,0,0,0,0,17.724858690951933
2019-03-18,4.75,19,1,0,0,0,0,0,0,16.47756085929254
2019-03-17,2.4,10,0,0,0,0,0,0,1,10.948357766536775
2019-03-16,-1.75,10,0,0,0,0,0,1,0,15.383765085419535
2019-03-15,0.1,17,0,0,0,0,1,0,0,21.332201002072058
2019-03-13,-1.95,9,0,0,1,0,0,0,0,20.28184776124569
2019-03-12,1.4,18,0,1,0,0,0,0,0,18.98469053275473
2019-03-11,4.09,16,1,0,0,0,0,0,0,16.622167644612517
2019-03-10,-6.75,5,0,0,0,0,0,0,1,12.953133653927312
2019-03-09,-8.75,13,0,0,0,0,0,1,0,16.917473414570765
2019-03-08,-8.65,20,0,0,0,0,1,0,0,23.249336413511095
2019-03-07,-12.8,15,0,0,0,1,0,0,0,22.11182036715202
2019-03-06,-17.35,10,0,0,1,0,0,0,0,23.656006085378397
2019-03-05,-12.75,17,0,1,0,0,0,0,0,22.084972369539003
2019-03-04,-15.2,16,1,0,0,0,0,0,0,20.84862959737355
2019-03-03,-20.75,9,0,0,0,0,0,0,1,16.020550312229773
2019-03-02,-25.6,3,0,0,0,0,0,1,0,20.609328464027655
2019-03-01,-17.29,14,0,0,0,0,1,0,0,25.142370694063473
2019-02-28,-9.19,10,0,0,0,1,0,0,0,21.32086507168974
2019-02-27,-11.85,18,0,0,1,0,0,0,0,22.450949541045286
2019-02-26,-18.1,17,0,1,0,0,0,0,0,23.2571637353903
2019-02-25,-23.4,23,1,0,0,0,0,0,0,22.645259354379277
2019-02-24,-20.35,18,0,0,0,0,0,0,1,15.932909836278274
2019-02-23,-12.05,26,0,0,0,0,0,1,0,17.640507341170633
2019-02-22,-8.0,19,0,0,0,0,1,0,0,23.10692064008991
2019-02-21,-14.05,13,0,0,0,1,0,0,0,22.385696854500452
2019-02-20,-8.85,23,0,0,1,0,0,0,0,21.793645971409045
2019-02-19,-10.65,21,0,1,0,0,0,0,0,21.62485987079363
2019-02-18,-18.8,14,1,0,0,0,0,0,0,21.63739388093704
2019-02-17,-17.79,13,0,0,0,0,0,0,1,15.37201079018868
2019-02-16,-16.5,31,0,0,0,0,0,1,0,18.615507636131056
2019-02-15,-19.54,36,0,0,0,0,1,0,0,25.635348371290654
2019-02-14,-16.45,21,0,0,0,1,0,0,0,22.911539710209446
2019-02-13,-20.5,41,0,0,1,0,0,0,0,24.346174833496452
2019-02-12,-23.7,38,0,1,0,0,0,0,0,24.484130398711283
2019-02-11,-24.04,42,1,0,0,0,0,0,0,22.785484115901674
2019-02-10,-26.6,15,0,0,0,0,0,0,1,17.302292273020445
2019-02-09,-26.0,33,0,0,0,0,0,1,0,20.696968939979154
2019-02-08,-18.54,43,0,0,0,0,1,0,0,25.416247181411908
2019-02-07,-18.25,30,0,0,0,1,0,0,0,23.30592185199119
2019-02-06,-21.1,36,0,0,1,0,0,0,0,24.4776355474237
2019-02-05,-24.79,37,0,1,0,0,0,0,0,24.722950695679117
2019-02-04,-26.2,18,1,0,0,0,0,0,0,23.25874268603977
2019-02-03,-24.95,19,0,0,0,0,0,0,1,16.94077530972051
2019-02-02,-19.3,16,0,0,0,0,0,1,0,19.22899096779155
2019-02-01,-9.69,9,0,0,0,0,1,0,0,23.477201650984995
2019-01-31,2.09,21,0,0,0,1,0,0,0,18.84940364985747
2019-01-30,-1.49,16,0,0,1,0,0,0,0,20.181061213901465
2019-01-29,-7.1,19,0,1,0,0,0,0,0,20.847050646724078
2019-01-28,-4.95,14,1,0,0,0,0,0,0,18.60284240111639
2019-01-27,2.95,11,0,0,0,0,0,0,1,10.827852112103463
2019-01-26,3.84,9,0,0,0,0,0,1,0,14.158989433997338
2019-01-25,-1.65,18,0,0,0,0,1,0,0,21.715628084359867
2019-01-24,-8.1,18,0,0,0,1,0,0,0,21.082044774721908
2019-01-23,-7.05,18,0,0,1,0,0,0,0,21.3992638296273
2019-01-22,-3.35,23,0,1,0,0,0,0,0,20.025421184678777
2019-01-21,-4.84,20,1,0,0,0,0,0,0,18.578741270229727
2019-01-20,-3.8,10,0,0,0,0,0,0,1,12.306785143785007
2019-01-19,-6.7,19,0,0,0,0,0,1,0,16.468315975319335
2019-01-18,-15.55,36,0,0,0,0,1,0,0,24.76113462367445
2019-01-17,-12.35,26,0,0,0,1,0,0,0,22.013224831706584
2019-01-16,-6.7,23,0,0,1,0,0,0,0,21.32257841316974
2019-01-15,-6.1,21,0,1,0,0,0,0,0,20.627949456845332
2019-01-14,1.5,19,1,0,0,0,0,0,0,17.18963972639847
2019-01-13,2.1,10,0,0,0,0,0,0,1,11.014088123500398
2019-01-12,3.0,10,0,0,0,0,0,1,0,14.343034433495486
2019-01-11,-1.0,17,0,0,0,0,1,0,0,21.57321231093868
2019-01-10,-0.5,18,0,0,0,1,0,0,0,19.41687573164343
2019-01-09,-7.6,18,0,0,1,0,0,0,0,21.51976948406061
2019-01-08,-10.25,21,0,1,0,0,0,0,0,21.537219394842133
2019-01-07,-8.8,22,1,0,0,0,0,0,0,19.446381982149568
2019-01-06,-0.69,6,0,0,0,0,0,0,1,11.625380443262102
2019-01-05,-7.0,10,0,0,0,0,0,1,0,16.53404633228296
2019-01-04,1.6,27,0,0,0,0,1,0,0,21.003549217253937
2019-01-03,4.55,15,0,0,0,1,0,0,0,18.310414722755755
2019-01-02,8.0,15,0,0,1,0,0,0,0,18.101790921952155
2019-01-01,-2.84,5,0,1,0,0,0,0,0,19.913679577840618
2018-12-31,-11.35,12,1,0,0,0,0,0,0,20.00509001634037
2018-12-30,-4.84,11,0,0,0,0,0,0,1,12.534650381258905
2018-12-29,2.59,4,0,0,0,0,0,1,0,14.432865921345773
2018-12-28,-5.6,10,0,0,0,0,1,0,0,22.581077784380916
2018-12-27,-7.3,19,0,0,0,1,0,0,0,20.90676382281891
2018-12-26,-6.3,5,0,0,1,0,0,0,0,21.23493793721824
2018-12-25,-5.9,12,0,1,0,0,0,0,0,20.584129218869585
2018-12-24,-8.0,14,1,0,0,0,0,0,0,19.27110103024657
2018-12-23,-2.59,5,0,0,0,0,0,0,1,12.041672704031722
2018-12-22,-5.25,13,0,0,0,0,0,1,0,16.15061924999515
2018-12-21,1.2,28,0,0,0,0,1,0,0,21.091189693205436
2018-12-20,2.84,23,0,0,0,1,0,0,0,18.68507775744841
2018-12-19,2.15,25,0,0,1,0,0,0,0,19.383532882742827
2018-12-18,2.04,16,0,1,0,0,0,0,0,18.84446577123233
2018-12-17,1.44,17,1,0,0,0,0,0,0,17.202785797791197
2018-12-16,-1.75,7,0,0,0,0,0,0,1,11.857627704533575
2018-12-15,0.5,17,0,0,0,0,0,1,0,14.890787408192354
2018-12-14,1.14,27,0,0,0,0,1,0,0,21.10433576459816
2018-12-13,0.04,21,0,0,0,1,0,0,0,19.298561089108905
2018-12-12,0.0,24,0,0,1,0,0,0,0,19.854600440982132
2018-12-11,-0.79,9,0,1,0,0,0,0,0,19.464522138589185
2018-12-10,3.9,18,1,0,0,0,0,0,0,16.663796870689477
2018-12-09,-1.04,11,0,0,0,0,0,0,1,11.702065859719665
2018-12-08,-4.45,17,0,0,0,0,0,1,0,15.975338298092153
2018-12-07,-7.4,24,0,0,0,0,1,0,0,22.975459926162664
2018-12-06,-10.75,25,0,0,0,1,0,0,0,21.662662927900588
2018-12-05,-8.45,28,0,0,1,0,0,0,0,21.706005495457546
2018-12-04,-4.34,26,0,1,0,0,0,0,0,20.24233136265874
2018-12-03,-6.44,27,1,0,0,0,0,0,0,18.929303174035724
2018-12-02,-3.65,21,0,0,0,0,0,0,1,12.273919965303195
2018-12-01,-3.65,17,0,0,0,0,0,1,0,15.800057346189154
2018-11-30,-3.24,9,0,0,0,0,1,0,0,22.063998976267076
2018-11-29,0.0,4,0,0,0,1,0,0,0,19.307325136704055
2018-11-28,3.9,19,0,0,1,0,0,0,0,19.000105800455017
2018-11-27,5.8,21,0,1,0,0,0,0,0,18.02064529728824
2018-11-26,-1.75,11,1,0,0,0,0,0,0,17.9017185935044
2018-11-25,-3.3,8,0,0,0,0,0,0,1,12.197234548845634
2018-11-24,-6.4,12,0,0,0,0,0,1,0,16.402585618355708
2018-11-23,-1.9,48,0,0,0,0,1,0,0,21.770403381829553
2018-11-22,4.15,19,0,0,0,1,0,0,0,18.398055198707254
2018-11-21,3.59,14,0,0,1,0,0,0,0,19.06802716931743
2018-11-20,6.15,14,0,1,0,0,0,0,0,17.94395988083068
2018-11-19,4.5,26,1,0,0,0,0,0,0,16.53233615676223
2018-11-18,0.6,7,0,0,0,0,0,0,1,11.342739908318519
2018-11-17,-6.65,27,0,0,0,0,0,1,0,16.457360915825397
2018-11-16,-5.85,21,0,0,0,0,1,0,0,22.635853081850605
2018-11-15,2.85,24,0,0,0,1,0,0,0,18.682886745549624
2018-11-14,5.8,20,0,0,1,0,0,0,0,18.583813539685398
2018-11-13,7.3,20,0,1,0,0,0,0,0,17.69199351247012
2018-11-12,0.04,14,1,0,0,0,0,0,0,17.509527463621442
2018-11-11,-4.2,10,0,0,0,0,0,0,1,12.394425619736506
2018-11-10,0.19,12,0,0,0,0,0,1,0,14.958708777054765
2018-11-09,-1.95,27,0,0,0,0,1,0,0,21.78135844132349
2018-11-08,-6.8,16,0,0,0,1,0,0,0,20.797213227879535
2018-11-07,-7.4,22,0,0,1,0,0,0,0,21.475949246084863
2018-11-06,-8.5,13,0,1,0,0,0,0,0,21.153792312554327
2018-11-05,-5.44,36,1,0,0,0,0,0,0,18.710201984156978
2018-11-04,5.15,5,0,0,0,0,0,0,1,10.34582949437022
2018-11-03,4.55,7,0,0,0,0,0,1,0,14.003427589183428
2018-11-02,1.0,16,0,0,0,0,1,0,0,21.135009931181187
2018-11-01,4.09,13,0,0,0,1,0,0,0,18.41120127009998
2018-10-31,5.65,19,0,0,1,0,0,0,0,18.61667871816721
2018-10-30,5.1,24,0,1,0,0,0,0,0,18.174016130203363
2018-10-29,4.7,25,1,0,0,0,0,0,0,16.48851591878648
2018-10-28,6.4,4,0,0,0,0,0,0,1,10.071953007021785
2018-10-27,6.0,15,0,0,0,0,0,1,0,13.685730863859243
2018-10-26,7.7,34,0,0,0,0,1,0,0,19.66703195899358
2018-10-25,7.3,18,0,0,0,1,0,0,0,17.7078864505892
2018-10-24,8.9,20,0,0,1,0,0,0,0,17.90459985106128
2018-10-23,7.75,23,0,1,0,0,0,0,0,17.593397977024683
2018-10-22,5.0,19,1,0,0,0,0,0,0,16.422785561822856
2018-10-21,4.7,9,0,0,0,0,0,0,1,10.444425029815656
2018-10-20,10.55,21,0,0,0,0,0,1,0,12.688820449910944
2018-10-19,6.15,25,0,0,0,0,1,0,0,20.006638803305638
2018-10-18,10.4,16,0,0,0,1,0,0,0,17.028672761965083
2018-10-17,11.65,35,0,0,1,0,0,0,0,17.302071578894726
2018-10-16,10.5,21,0,1,0,0,0,0,0,16.990869704858127
2018-10-15,10.1,23,1,0,0,0,0,0,0,15.305369493441246
2018-10-14,3.34,7,0,0,0,0,0,0,1,10.742402648050751
2018-10-13,-0.95,13,0,0,0,0,0,1,0,15.208484133516537
2018-10-12,6.9,28,0,0,0,0,1,0,0,19.842312910896577
2018-10-11,1.35,15,0,0,0,1,0,0,0,19.011538530367748
2018-10-10,-2.04,11,0,0,1,0,0,0,0,20.301566868334778
2018-10-09,-3.7,27,0,1,0,0,0,0,0,20.102106601136338
2018-10-08,-0.8,5,1,0,0,0,0,0,0,17.69357246311959
2018-10-07,2.99,1,0,0,0,0,0,0,1,10.819088064508314
2018-10-06,2.45,16,0,0,0,0,0,1,0,14.463540087928797
2018-10-05,0.04,29,0,0,0,0,1,0,0,21.345347073464783
2018-10-04,-1.15,30,0,0,0,1,0,0,0,19.559291505064614
2018-10-03,-4.7,43,0,0,1,0,0,0,0,20.884376033412245
2018-10-02,-3.0,43,0,1,0,0,0,0,0,19.948735768221216
2018-10-01,-0.8,16,1,0,0,0,0,0,0,17.69357246311959
2018-09-30,-1.55,14,0,0,0,0,0,0,1,11.813807466557826
2018-09-29,0.64,23,0,0,0,0,0,1,0,14.860113241609328
2018-09-28,3.6,23,0,0,0,0,1,0,0,20.565346837496442
2018-09-27,3.25,19,0,0,0,1,0,0,0,18.595246269598125
2018-09-26,10.3,13,0,0,1,0,0,0,0,17.597858185231036
2018-09-25,10.5,22,0,1,0,0,0,0,0,16.990869704858127
2018-09-24,8.75,15,1,0,0,0,0,0,0,15.601156099777555
2018-09-23,3.3,16,0,0,0,0,0,0,1,10.751166695645901
2018-09-22,-0.15,15,0,0,0,0,0,1,0,15.033203181613539
2018-09-21,2.8,23,0,0,0,0,1,0,0,20.74062778939944
2018-09-20,5.05,23,0,0,0,1,0,0,0,18.20086412781638
2018-09-19,7.4,12,0,0,1,0,0,0,0,18.2332516358794
2018-09-18,4.8,19,0,1,0,0,0,0,0,18.23974648716699
2018-09-17,6.9,17,1,0,0,0,0,0,0,16.006493301053236
2018-09-16,2.54,15,0,0,0,0,0,0,1,10.91768359995375
2018-09-15,3.45,8,0,0,0,0,0,1,0,14.24443889805005
2018-09-14,1.1,13,0,0,0,0,1,0,0,21.113099812193312
2018-09-13,0.25,11,0,0,0,1,0,0,0,19.25254983923437
2018-09-12,4.14,14,0,0,1,0,0,0,0,18.94752151488412
2018-09-11,10.8,31,0,1,0,0,0,0,0,16.925139347894504
2018-09-10,11.6,22,1,0,0,0,0,0,0,14.976717708623125
2018-09-09,13.0,7,0,0,0,0,0,0,1,8.625885153822054
2018-09-08,16.29,13,0,0,0,0,0,1,0,11.431179620006935
2018-09-07,17.64,28,0,0,0,0,1,0,0,17.489166131598832
2018-09-06,14.45,24,0,0,0,1,0,0,0,16.14131294295616
2018-09-05,12.0,22,0,0,1,0,0,0,0,17.225386162437164
2018-09-04,9.75,14,0,1,0,0,0,0,0,17.155195597267188
2018-09-03,11.15,8,1,0,0,0,0,0,0,15.07531324406856
2018-09-02,12.6,10,0,0,0,0,0,0,1,8.713525629773553
2018-09-01,11.64,15,0,0,0,0,0,1,0,12.45000015294311
2018-08-31,13.2,24,0,0,0,0,1,0,0,18.46197541466047
2018-08-30,14.3,20,0,0,0,1,0,0,0,16.17417812143797
2018-08-29,15.64,15,0,0,1,0,0,0,0,16.427857831278526
2018-08-28,11.95,15,0,1,0,0,0,0,0,16.673172979533945
2018-08-27,9.3,18,1,0,0,0,0,0,0,15.480650445344242
2018-08-26,13.95,13,0,0,0,0,0,0,1,8.417739023437244
2018-08-25,12.8,9,0,0,0,0,0,1,0,12.195842772683763
2018-08-24,12.39,21,0,0,0,0,1,0,0,18.639447378462254
2018-08-23,19.35,12,0,0,0,1,0,0,0,15.067717112550296
2018-08-22,20.54,20,0,0,1,0,0,0,0,15.354262000872664
2018-08-21,15.95,25,0,1,0,0,0,0,0,15.796768220018956
2018-08-20,14.95,11,1,0,0,0,0,0,0,14.242728722529321
2018-08-19,11.7,6,0,0,0,0,0,0,1,8.910716700664425
2018-08-18,13.45,9,0,0,0,0,0,1,0,12.053426999262577
2018-08-17,20.0,18,0,0,0,0,1,0,0,16.97208732348499
2018-08-16,19.25,14,0,0,0,1,0,0,0,15.08962723153817
2018-08-15,19.6,14,0,0,1,0,0,0,0,15.560217119358686
2018-08-14,18.7,20,0,1,0,0,0,0,0,15.194239947852402
2018-08-13,14.6,16,1,0,0,0,0,0,0,14.319414138986883
2018-08-12,13.89,9,0,0,0,0,0,0,1,8.430885094829968
2018-08-11,20.05,18,0,0,0,0,0,1,0,10.607359146062846
2018-08-10,26.15,21,0,0,0,0,1,0,0,15.624615005730695
2018-08-09,23.5,13,0,0,0,1,0,0,0,14.158447174553496
2018-08-08,20.75,16,0,0,1,0,0,0,0,15.308250750998127
2018-08-07,21.65,8,0,1,0,0,0,0,0,14.547891437710097
2018-08-06,19.6,9,1,0,0,0,0,0,0,13.223908189593146
2018-08-05,17.45,10,0,0,0,0,0,0,1,7.6508848588616285
2018-08-04,15.39,8,0,0,0,0,0,1,0,11.628370690897807
2018-08-03,18.45,19,0,0,0,0,1,0,0,17.311694167797047
2018-08-02,18.3,17,0,0,0,1,0,0,0,15.29777336192298
2018-08-01,21.85,16,0,0,1,0,0,0,0,15.067239442131505
2018-07-31,19.14,21,0,1,0,0,0,0,0,15.097835424305753
2018-07-30,22.15,20,1,0,0,0,0,0,0,12.665200155402342
2018-07-29,20.0,9,0,0,0,0,0,0,1,7.092176824670823
2018-07-28,17.55,15,0,0,0,0,0,1,0,11.155112120759714
2018-07-27,16.1,17,0,0,0,0,1,0,0,17.826581964012103
2018-07-26,18.05,15,0,0,0,1,0,0,0,15.352548659392667
2018-07-25,16.0,21,0,0,1,0,0,0,0,16.348981402922178
2018-07-24,13.55,28,0,1,0,0,0,0,0,16.32261107572795
2018-07-23,15.85,14,1,0,0,0,0,0,0,14.04553765163845
2018-07-22,16.7,8,0,0,0,0,0,0,1,7.815210751270689
2018-07-21,16.8,13,0,0,0,0,0,1,0,11.319438013168774
2018-07-20,20.3,25,0,0,0,0,1,0,0,16.906356966521365
2018-07-19,19.45,25,0,0,0,1,0,0,0,15.045806993562422
2018-07-18,20.2,18,0,0,1,0,0,0,0,15.42875640543144
2018-07-17,22.15,12,0,1,0,0,0,0,0,14.438340842770724
2018-07-16,21.1,22,1,0,0,0,0,0,0,12.895256404775026
2018-07-15,17.39,9,0,0,0,0,0,0,1,7.664030930254353
2018-07-14,14.6,15,0,0,0,0,0,1,0,11.801460630902017
2018-07-13,21.4,22,0,0,0,0,1,0,0,16.665345657654743
2018-07-12,18.8,19,0,0,0,1,0,0,0,15.188222766983607
2018-07-11,19.7,17,0,0,1,0,0,0,0,15.538307000370812
2018-07-10,15.8,17,0,1,0,0,0,0,0,15.829633398500768
2018-07-09,19.45,20,1,0,0,0,0,0,0,13.25677336807496
2018-07-08,16.5,7,0,0,0,0,0,0,1,7.859030989246438
2018-07-07,19.2,11,0,0,0,0,0,1,0,10.79359515745978
2018-07-06,23.25,18,0,0,0,0,1,0,0,16.26000845637906
2018-07-05,17.39,18,0,0,0,1,0,0,0,15.497155444712641
2018-07-04,14.5,18,0,0,1,0,0,0,0,16.677633187740298
2018-07-03,11.85,18,0,1,0,0,0,0,0,16.69508309852182
2018-07-02,11.45,6,1,0,0,0,0,0,0,15.009582887104937
2018-07-01,14.75,9,0,0,0,0,0,0,1,8.242458071534246
2018-06-30,14.15,20,0,0,0,0,0,1,0,11.900056166347454
2018-06-29,14.35,21,0,0,0,0,1,0,0,18.21000904629991
2018-06-28,14.25,16,0,0,0,1,0,0,0,16.185133180931906
2018-06-27,14.95,19,0,0,1,0,0,0,0,16.57903765229486
2018-06-26,15.25,19,0,1,0,0,0,0,0,15.95013905293408
2018-06-25,19.95,9,1,0,0,0,0,0,0,13.147222773135585
2018-06-24,18.45,12,0,0,0,0,0,0,1,7.431783668982882
2018-06-23,16.75,16,0,0,0,0,0,1,0,11.33039307266271
2018-06-22,17.8,29,0,0,0,0,1,0,0,17.45410994121823
2018-06-21,18.95,19,0,0,0,1,0,0,0,15.155357588501795
2018-06-20,19.35,23,0,0,1,0,0,0,0,15.614992416828374
2018-06-19,17.55,21,0,1,0,0,0,0,0,15.446206316212962
2018-06-18,15.1,12,1,0,0,0,0,0,0,14.20986354404751
2018-06-17,13.6,18,0,0,0,0,0,0,1,8.494424439894805
2018-06-16,12.89,16,0,0,0,0,0,1,0,12.176123665594675
2018-06-15,11.55,15,0,0,0,0,1,0,0,18.823492377960402
2018-06-14,11.25,12,0,0,0,1,0,0,0,16.842436750568147
2018-06-13,16.64,16,0,0,1,0,0,0,0,16.208756641399777
2018-06-12,14.55,19,0,1,0,0,0,0,0,16.103509885849203
2018-06-11,11.2,19,1,0,0,0,0,0,0,15.064358184574624
2018-06-10,9.35,16,0,0,0,0,0,0,1,9.425604496879481
2018-06-09,19.6,17,0,0,0,0,0,1,0,10.705954681508281
2018-06-08,20.1,15,0,0,0,0,1,0,0,16.950177204497113
2018-06-07,17.55,22,0,0,0,1,0,0,0,15.462099254332042
2018-06-06,15.35,19,0,0,1,0,0,0,0,16.491397176343362
2018-06-05,11.8,22,0,1,0,0,0,0,0,16.706038158015758
2018-06-04,13.75,19,1,0,0,0,0,0,0,14.505650150383818
2018-06-03,14.6,7,0,0,0,0,0,0,1,8.275323250016058
2018-06-02,12.1,12,0,0,0,0,0,1,0,12.349213605598885
2018-06-01,11.0,17,0,0,0,0,1,0,0,18.943998032393715
2018-05-31,6.9,15,0,0,0,1,0,0,0,17.7955269265407
2018-05-30,11.2,11,0,0,1,0,0,0,0,17.400667114340163
2018-05-29,13.05,9,0,1,0,0,0,0,0,16.432161670667323
2018-05-28,20.0,15,1,0,0,0,0,0,0,13.136267713641647
2018-05-27,16.85,10,0,0,0,0,0,0,1,7.782345572788877
2018-05-26,18.04,9,0,0,0,0,0,1,0,11.047752537719127
2018-05-25,18.3,13,0,0,0,0,1,0,0,17.34455934627886
2018-05-24,19.8,9,0,0,0,1,0,0,0,14.96912157710486
2018-05-23,18.45,12,0,0,1,0,0,0,0,15.812183487719246
2018-05-22,18.14,18,0,1,0,0,0,0,0,15.3169366141845
2018-05-21,16.29,3,1,0,0,0,0,0,0,13.9491331280918
2018-05-20,14.3,4,0,0,0,0,0,0,1,8.341053606979683
2018-05-19,9.9,7,0,0,0,0,0,1,0,12.83123622333213
2018-05-18,10.05,12,0,0,0,0,1,0,0,19.152144162778523
2018-05-17,9.3,25,0,0,0,1,0,0,0,17.269684070831705
2018-05-16,18.95,22,0,0,1,0,0,0,0,15.702632892779873
2018-05-15,19.85,14,0,1,0,0,0,0,0,14.942273579491841
2018-05-14,18.39,20,1,0,0,0,0,0,0,13.489020629346431
2018-05-13,15.39,9,0,0,0,0,0,0,1,8.102233310011847
2018-05-12,12.8,12,0,0,0,0,0,1,0,12.195842772683763
2018-05-11,9.85,19,0,0,0,0,1,0,0,19.195964400754274
2018-05-10,6.25,20,0,0,0,1,0,0,0,17.937942699961884
2018-05-09,9.4,15,0,0,1,0,0,0,0,17.79504925612191
2018-05-08,17.7,11,0,1,0,0,0,0,0,15.413341137731148
2018-05-07,16.64,15,1,0,0,0,0,0,0,13.872447711634239
2018-05-06,13.95,7,0,0,0,0,0,0,1,8.417739023437244
2018-05-05,13.55,9,0,0,0,0,0,1,0,12.031516880274703
2018-05-04,14.45,11,0,0,0,0,1,0,0,18.188098927312037
2018-05-03,13.05,10,0,0,0,1,0,0,0,16.448054608786403
2018-05-02,9.9,12,0,0,1,0,0,0,0,17.685498661182535
2018-05-01,9.35,13,0,1,0,0,0,0,0,17.242836073218687
2018-04-30,8.15,17,1,0,0,0,0,0,0,15.732616813704801
2018-04-29,10.25,9,0,0,0,0,0,0,1,9.228413425988608
2018-04-28,14.9,15,0,0,0,0,0,1,0,11.735730273938394
2018-04-27,12.9,9,0,0,0,0,1,0,0,18.527705771624095
2018-04-26,11.65,13,0,0,0,1,0,0,0,16.75479627461665
2018-04-25,9.8,19,0,0,1,0,0,0,0,17.70740878017041
2018-04-24,9.75,17,0,1,0,0,0,0,0,17.155195597267188
2018-04-23,6.25,13,1,0,0,0,0,0,0,16.14890907447442
2018-04-22,6.5,10,0,0,0,0,0,0,1,10.05004288803391
2018-04-21,8.25,5,0,0,0,0,0,1,0,13.192753186632062
2018-04-20,6.2,17,0,0,0,0,1,0,0,19.9956837438117
2018-04-19,2.95,7,0,0,0,1,0,0,0,18.66097662656175
2018-04-18,2.49,15,0,0,1,0,0,0,0,19.30903847818405
2018-04-17,0.2,11,0,1,0,0,0,0,0,19.247611960609227
2018-04-16,0.0,14,1,0,0,0,0,0,0,17.518291511216592
2018-04-15,3.4,10,0,0,0,0,0,0,1,10.729256576658027
2018-04-14,3.9,15,0,0,0,0,0,1,0,14.145843362604612
2018-04-13,1.95,33,0,0,0,0,1,0,0,20.926863800796376
2018-04-12,-2.75,33,0,0,0,1,0,0,0,19.90985340887061
2018-04-11,1.85,14,0,0,1,0,0,0,0,19.44926323970645
2018-04-10,2.9,17,0,1,0,0,0,0,0,18.65603874793661
2018-04-09,0.55,14,1,0,0,0,0,0,0,17.39778585678328
2018-04-08,-6.9,26,0,0,0,0,0,0,1,12.985998832409123
2018-04-07,-11.45,17,0,0,0,0,0,1,0,17.509046627243382
2018-04-06,-12.7,22,0,0,0,0,1,0,0,24.136696232520023
2018-04-05,-9.6,12,0,0,0,1,0,0,0,21.41069655954003
2018-04-04,-5.45,10,0,0,1,0,0,0,0,21.048701925821305
2018-04-03,-9.44,17,0,1,0,0,0,0,0,21.359747431040347
2018-04-02,-8.25,9,1,0,0,0,0,0,0,19.325876327716255
2018-04-01,-10.9,7,0,0,0,0,0,0,1,13.862403591924112
2018-03-31,-14.65,10,0,0,0,0,0,1,0,18.210170434855375
2018-03-30,-10.3,9,0,0,0,0,1,0,0,23.61085337681103
2018-03-29,-5.0,29,0,0,0,1,0,0,0,20.40283108609779
2018-03-28,0.0,17,0,0,1,0,0,0,0,19.854600440982132
2018-03-27,4.59,10,0,1,0,0,0,0,0,18.285757737041525
2018-03-26,0.94,10,1,0,0,0,0,0,0,17.31233639273057
2018-03-25,-2.1,11,0,0,0,0,0,0,1,11.934313120991137
2018-03-24,-1.95,11,0,0,0,0,0,1,0,15.427585323395284
2018-03-23,-0.64,24,0,0,0,0,1,0,0,21.49433588258233
2018-03-22,-3.95,15,0,0,0,1,0,0,0,20.172774836725107
2018-03-21,0.4,21,0,0,1,0,0,0,0,19.766959965030633
2018-03-20,0.99,18,0,1,0,0,0,0,0,19.074522020605016
2018-03-19,-1.54,16,1,0,0,0,0,0,0,17.855707343629863
2018-03-18,-1.9,13,0,0,0,0,0,0,1,11.890492883015387
2018-03-17,-1.1,9,0,0,0,0,0,1,0,15.241349311998349
2018-03-16,-4.09,26,0,0,0,0,1,0,0,22.250234987664008
2018-03-15,-4.2,50,0,0,0,1,0,0,0,20.227550134194793
2018-03-14,-2.9,20,0,0,1,0,0,0,0,20.489993891630498
2018-03-13,-0.85,29,0,1,0,0,0,0,0,19.47766820998191
2018-03-12,-2.55,28,1,0,0,0,0,0,0,18.076999545407396
2018-03-11,-4.0,14,0,0,0,0,0,0,1,12.350605381760756
2018-03-10,-5.05,9,0,0,0,0,0,1,0,16.1067990120194
2018-03-09,-1.25,19,0,0,0,0,1,0,0,21.627987608408368
2018-03-08,-12.55,18,0,0,0,1,0,0,0,22.05704506968233
2018-03-07,-12.0,22,0,0,1,0,0,0,0,22.4838147195271
2018-03-06,-13.6,12,0,1,0,0,0,0,0,22.271208380935935
2018-03-05,-15.95,20,1,0,0,0,0,0,0,21.01295548978261
2018-03-04,-14.64,15,0,0,0,0,0,0,1,14.681842042070627
2018-03-03,-11.0,15,0,0,0,0,0,1,0,17.410451091797945
2018-03-02,-8.94,36,0,0,0,0,1,0,0,23.312875758575935
2018-03-01,-9.0,16,0,0,0,1,0,0,0,21.27923584561278
2018-02-28,-5.05,20,0,0,1,0,0,0,0,20.961061449869806
2018-02-27,-3.8,13,0,1,0,0,0,0,0,20.124016720124214
2018-02-26,-7.15,21,1,0,0,0,0,0,0,19.084865018849634
2018-02-25,-4.3,16,0,0,0,0,0,0,1,12.416335738724381
2018-02-24,-3.0,13,0,0,0,0,0,1,0,15.657641572767968
2018-02-23,-10.1,35,0,0,0,0,1,0,0,23.56703313883528
2018-02-22,-11.45,18,0,0,0,1,0,0,0,21.81603376081571
2018-02-21,-15.1,23,0,0,1,0,0,0,0,23.163028408151217
2018-02-20,-14.89,18,0,1,0,0,0,0,0,22.55384891587952
2018-02-19,-17.35,9,1,0,0,0,0,0,0,21.319697155612857
2018-02-18,-17.14,17,0,0,0,0,0,0,1,15.229595016767496
2018-02-17,-11.6,40,0,0,0,0,0,1,0,17.541911805725196
2018-02-16,-5.09,17,0,0,0,0,1,0,0,22.469336177542758
2018-02-15,-10.5,15,0,0,0,1,0,0,0,21.607887630430902
2018-02-14,-4.9,6,0,0,1,0,0,0,0,20.928196271387993
2018-02-13,5.8,11,0,1,0,0,0,0,0,18.02064529728824
2018-02-12,-13.15,56,1,0,0,0,0,0,0,20.39947215812212
2018-02-11,-14.85,28,0,0,0,0,0,0,1,14.727853291945163
2018-02-10,-12.55,16,0,0,0,0,0,1,0,17.750057936110004
2018-02-09,-21.0,43,0,0,0,0,1,0,0,25.955236108513624
2018-02-08,-21.3,44,0,0,0,1,0,0,0,23.97418048112137
2018-02-07,-12.0,28,0,0,1,0,0,0,0,22.4838147195271
2018-02-06,-15.55,32,0,1,0,0,0,0,0,22.698455701199492
2018-02-05,-16.14,42,1,0,0,0,0,0,0,21.054584715859573
2018-02-04,-16.35,26,0,0,0,0,0,0,1,15.056505076763285
2018-02-03,-22.04,56,0,0,0,0,0,1,0,19.829328228059314
2018-02-02,-19.39,28,0,0,0,0,1,0,0,25.60248319280884
2018-02-01,-15.9,19,0,0,0,1,0,0,0,22.791034055776137
2018-01-31,-11.7,13,0,0,1,0,0,0,0,22.418084362563473
2018-01-30,0.75,17,0,1,0,0,0,0,0,19.127106306175914
2018-01-29,-4.6,16,1,0,0,0,0,0,0,18.52615698465883
2018-01-28,-16.95,22,0,0,0,0,0,0,1,15.187965790690532
2018-01-27,-16.0,30,0,0,0,0,0,1,0,18.50595704119168
2018-01-26,-11.15,22,0,0,0,0,1,0,0,23.797089388207965
2018-01-25,-9.15,17,0,0,0,1,0,0,0,21.31210102409459
2018-01-24,-0.64,14,0,0,1,0,0,0,0,19.99482520250453
2018-01-23,-4.3,18,0,1,0,0,0,0,0,20.23356731506359
2018-01-22,-1.4,10,1,0,0,0,0,0,0,17.825033177046837
2018-01-21,-1.9,10,0,0,0,0,0,0,1,11.890492883015387
2018-01-20,-0.75,18,0,0,0,0,0,1,0,15.164663895540787
2018-01-19,-1.7,18,0,0,0,0,1,0,0,21.726583143853805
2018-01-18,2.2,17,0,0,0,1,0,0,0,18.825302518970812
2018-01-17,1.3,14,0,0,1,0,0,0,0,19.56976889413976
2018-01-16,-0.54,21,0,1,0,0,0,0,0,19.4097468411195
2018-01-15,-7.85,22,1,0,0,0,0,0,0,19.238235851764756
2018-01-14,-3.0,13,0,0,0,0,0,0,1,12.131504191882009
2018-01-13,-6.45,21,0,0,0,0,0,1,0,16.413540677849646
2018-01-12,-20.9,35,0,0,0,0,1,0,0,25.93332598952575
2018-01-11,-25.45,46,0,0,0,1,0,0,0,24.883450419118173
2018-01-10,-21.35,30,0,0,1,0,0,0,0,24.532410844893384
2018-01-09,-9.25,14,0,1,0,0,0,0,0,21.318118204963387
2018-01-08,1.1,10,1,0,0,0,0,0,0,17.27728020234997
2018-01-07,-1.0,6,0,0,0,0,0,0,1,11.693301812124515
2018-01-06,3.84,10,0,0,0,0,0,1,0,14.158989433997338
2018-01-05,-1.3,20,0,0,0,0,1,0,0,21.638942667902306
2018-01-04,-4.89,22,0,0,0,1,0,0,0,20.378729955211128
2018-01-03,-2.45,26,0,0,1,0,0,0,0,20.391398356185064
2018-01-02,-4.45,30,0,1,0,0,0,0,0,20.2664324935454
2018-01-01,-15.75,12,1,0,0,0,0,0,0,20.96913525180686
2017-12-31,-28.15,31,0,0,0,0,0,0,1,17.6418991173325
2017-12-30,-26.95,26,0,0,0,0,0,1,0,20.905115070363966
2017-12-29,-23.35,50,0,0,0,0,1,0,0,26.47012390472868
2017-12-28,-22.29,31,0,0,0,1,0,0,0,24.19109065910133
2017-12-27,-21.95,18,0,0,1,0,0,0,0,24.663871558820635
2017-12-26,-25.15,25,0,1,0,0,0,0,0,24.801827124035466
2017-12-25,-22.5,5,1,0,0,0,0,0,0,22.448068283488404
2017-12-24,-14.95,17,0,0,0,0,0,0,1,14.749763410933038
2017-12-23,-10.7,19,0,0,0,0,0,1,0,17.344720734834322
2017-12-22,-13.3,22,0,0,0,0,1,0,0,24.26815694644727
2017-12-21,-9.69,30,0,0,0,1,0,0,0,21.430415666629116
2017-12-20,-12.89,34,0,0,1,0,0,0,0,22.678814778519182
2017-12-19,-8.4,53,0,1,0,0,0,0,0,21.13188219356645
2017-12-18,-3.55,11,1,0,0,0,0,0,0,18.296100735286146
2017-12-17,-0.25,9,0,0,0,0,0,0,1,11.528975919715455
2017-12-16,-2.0,31,0,0,0,0,0,1,0,15.438540382889222
2017-12-15,3.9,29,0,0,0,0,1,0,0,20.49961648053282
2017-12-14,-0.14,23,0,0,0,1,0,0,0,19.33799930328708
2017-12-13,1.8,15,0,0,1,0,0,0,0,19.46021829920039
2017-12-12,5.8,10,0,1,0,0,0,0,0,18.02064529728824
2017-12-11,1.04,20,1,0,0,0,0,0,0,17.290426273742696
2017-12-10,6.35,8,0,0,0,0,0,0,1,10.082908066515722
2017-12-09,8.94,17,0,0,0,0,0,1,0,13.041573365615728
2017-12-08,5.0,27,0,0,0,0,1,0,0,20.258605171666197
2017-12-07,5.3,22,0,0,0,1,0,0,0,18.146088830346695
2017-12-06,-0.64,22,0,0,1,0,0,0,0,19.99482520250453
2017-12-05,1.5,20,0,1,0,0,0,0,0,18.962780413766854
2017-12-04,-3.5,20,1,0,0,0,0,0,0,18.285145675792208
2017-12-03,-5.6,4,0,0,0,0,0,0,1,12.701167285566752
2017-12-02,-1.55,21,0,0,0,0,0,1,0,15.339944847443785
2017-12-01,1.2,18,0,0,0,0,1,0,0,21.091189693205436
2017-11-30,4.0,14,0,0,0,1,0,0,0,18.430920377189064
2017-11-29,4.3,26,0,0,1,0,0,0,0,18.91246532450352
2017-11-28,0.75,14,0,1,0,0,0,0,0,19.127106306175914
2017-11-27,3.2,14,1,0,0,0,0,0,0,16.8171677036046
2017-11-26,4.9,3,0,0,0,0,0,0,1,10.400604791839907
2017-11-25,4.45,12,0,0,0,0,0,1,0,14.025337708171302
2017-11-24,4.4,33,0,0,0,0,1,0,0,20.390065885593444
2017-11-23,6.1,17,0,0,0,1,0,0,0,17.970807878443697
2017-11-22,1.7,29,0,0,1,0,0,0,0,19.48212841818826
2017-11-21,-9.69,19,0,1,0,0,0,0,0,21.414522728510036
2017-11-20,-3.05,25,1,0,0,0,0,0,0,18.18655014034677
2017-11-19,3.2,10,0,0,0,0,0,0,1,10.773076814633777
2017-11-18,-5.09,15,0,0,0,0,0,1,0,16.11556305961455
2017-11-17,-15.2,26,0,0,0,0,1,0,0,24.68444920721689
2017-11-16,-11.1,39,0,0,0,1,0,0,0,21.73934834435815
2017-11-15,-7.3,33,0,0,1,0,0,0,0,21.454039127096987
2017-11-14,-4.8,16,0,1,0,0,0,0,0,20.34311791000296
2017-11-13,0.5,10,1,0,0,0,0,0,0,17.408740916277218
2017-11-12,0.0,11,0,0,0,0,0,0,1,11.474200622245768
2017-11-11,-0.14,12,0,0,0,0,0,1,0,15.031012169714751
2017-11-10,-1.9,23,0,0,0,0,1,0,0,21.770403381829553
2017-11-09,-10.15,21,0,0,0,1,0,0,0,21.53120221397334
2017-11-08,-8.6,24,0,0,1,0,0,0,0,21.73887067393936
2017-11-07,-10.35,26,0,1,0,0,0,0,0,21.55912951383001
2017-11-06,-13.05,20,1,0,0,0,0,0,0,20.377562039134244
2017-11-05,-11.35,13,0,0,0,0,0,0,1,13.960999127369549
2017-11-04,-15.39,15,0,0,0,0,0,1,0,18.372305315365647
2017-11-03,-14.55,51,0,0,0,0,1,0,0,24.542033433795705
2017-11-02,-9.25,40,0,0,0,1,0,0,0,21.334011143082467
2017-11-01,-1.45,22,0,0,1,0,0,0,0,20.172297166306315
2017-10-31,1.5,14,0,1,0,0,0,0,0,18.962780413766854
2017-10-30,1.04,19,1,0,0,0,0,0,0,17.290426273742696
2017-10-29,2.4,6,0,0,0,0,0,0,1,10.948357766536775
2017-10-28,14.15,10,0,0,0,0,0,1,0,11.900056166347454
2017-10-27,7.9,30,0,0,0,0,1,0,0,19.62321172101783
2017-10-26,0.1,25,0,0,0,1,0,0,0,19.28541501771618
2017-10-25,13.25,15,0,0,1,0,0,0,0,16.951509675088733
2017-10-24,11.35,18,0,1,0,0,0,0,0,16.804633693461195
2017-10-23,7.25,17,1,0,0,0,0,0,0,15.929807884595675
2017-10-22,5.95,12,0,0,0,0,0,0,1,10.170548542467222
2017-10-21,3.09,26,0,0,0,0,0,1,0,14.323315326406398
2017-10-20,5.05,19,0,0,0,0,1,0,0,20.24765011217226
2017-10-19,9.19,21,0,0,0,1,0,0,0,17.293785201718368
2017-10-18,5.35,22,0,0,1,0,0,0,0,18.682409075130835
2017-10-17,10.35,35,0,1,0,0,0,0,0,17.02373488333994
2017-10-16,12.85,22,1,0,0,0,0,0,0,14.70284122127469
2017-10-15,8.9,17,0,0,0,0,0,0,1,9.524200032324917
2017-10-14,2.24,16,0,0,0,0,0,1,0,14.509551337803334
2017-10-13,-0.84,19,0,0,0,0,1,0,0,21.53815612055808
2017-10-12,0.25,23,0,0,0,1,0,0,0,19.25254983923437
2017-10-11,1.0,9,0,0,1,0,0,0,0,19.635499251103386
2017-10-10,5.94,19,0,1,0,0,0,0,0,17.989971130705214
2017-10-09,4.95,8,1,0,0,0,0,0,0,16.433740621316794
2017-10-08,4.15,14,0,0,0,0,0,0,1,10.564930684248967
2017-10-07,7.4,22,0,0,0,0,0,1,0,13.378989198028998
2017-10-06,11.95,18,0,0,0,0,1,0,0,18.735851902008903
2017-10-05,8.54,19,0,0,0,1,0,0,0,17.436200975139553
2017-10-04,5.6,16,0,0,1,0,0,0,0,18.62763377766115
2017-10-03,1.4,22,0,1,0,0,0,0,0,18.98469053275473
2017-10-02,1.0,34,1,0,0,0,0,0,0,17.299190321337846
2017-10-01,7.4,5,0,0,0,0,0,0,1,9.852851817143039
2017-09-30,10.65,13,0,0,0,0,0,1,0,12.66691033092307
2017-09-29,14.45,32,0,0,0,0,1,0,0,18.188098927312037
2017-09-28,14.0,27,0,0,0,1,0,0,0,16.239908478401595
2017-09-27,13.64,27,0,0,1,0,0,0,0,16.86606021103602
2017-09-26,14.55,15,0,1,0,0,0,0,0,16.103509885849203
2017-09-25,12.3,16,1,0,0,0,0,0,0,14.823346875708001
2017-09-24,9.05,10,0,0,0,0,0,0,1,9.491334853843105
2017-09-23,6.3,12,0,0,0,0,0,1,0,13.62000050689562
2017-09-22,3.9,23,0,0,0,0,1,0,0,20.49961648053282
2017-09-21,2.54,16,0,0,0,1,0,0,0,18.750808114412038
2017-09-20,4.69,11,0,0,1,0,0,0,0,18.827015860450807
2017-09-19,7.65,21,0,1,0,0,0,0,0,17.61530809601256
2017-09-18,11.3,16,1,0,0,0,0,0,0,15.042448065586749
2017-09-17,9.05,12,0,0,0,0,0,0,1,9.491334853843105
2017-09-16,7.3,14,0,0,0,0,0,1,0,13.400899317016872
2017-09-15,4.9,17,0,0,0,0,1,0,0,20.280515290654073
2017-09-14,6.3,15,0,0,0,1,0,0,0,17.926987640467946
2017-09-13,6.44,21,0,0,1,0,0,0,0,18.443588778163
2017-09-12,13.8,20,0,1,0,0,0,0,0,16.267835778258263
2017-09-11,18.64,27,1,0,0,0,0,0,0,13.434245331876744
2017-09-10,15.85,16,0,0,0,0,0,0,1,8.001446762667625
2017-09-09,17.8,14,0,0,0,0,0,1,0,11.100336823290027
2017-09-08,19.0,22,0,0,0,0,1,0,0,17.191188513363738
2017-09-07,19.95,19,0,0,0,1,0,0,0,14.936256398623048
2017-09-06,19.0,18,0,0,1,0,0,0,0,15.691677833285935
2017-09-05,16.64,21,0,1,0,0,0,0,0,15.645588399002621
2017-09-04,15.89,8,1,0,0,0,0,0,0,14.036773604043299
2017-09-03,15.95,13,0,0,0,0,0,0,1,7.97953664367975
2017-09-02,20.25,9,0,0,0,0,0,1,0,10.563538908087097
2017-09-01,18.2,25,0,0,0,0,1,0,0,17.366469465266736
2017-08-31,20.3,19,0,0,0,1,0,0,0,14.859570982165486
2017-08-30,21.8,14,0,0,1,0,0,0,0,15.078194501625443
2017-08-29,17.7,13,0,1,0,0,0,0,0,15.413341137731148
2017-08-28,20.35,21,1,0,0,0,0,0,0,13.059582297184086
2017-08-27,20.2,9,0,0,0,0,0,0,1,7.048356586695074
2017-08-26,16.6,17,0,0,0,0,0,1,0,11.363258251144522
2017-08-25,14.7,13,0,0,0,0,1,0,0,18.133323629842348
2017-08-24,19.64,13,0,0,0,1,0,0,0,15.004177767485459
2017-08-23,20.55,28,0,0,1,0,0,0,0,15.352070988973876
2017-08-22,18.14,23,0,1,0,0,0,0,0,15.3169366141845
2017-08-21,13.8,19,1,0,0,0,0,0,0,14.49469509088988
2017-08-20,13.55,11,0,0,0,0,0,0,1,8.505379499388743
2017-08-19,14.5,13,0,0,0,0,0,1,0,11.823370749889893
2017-08-18,18.8,24,0,0,0,0,1,0,0,17.235008751339485
2017-08-17,17.8,17,0,0,0,1,0,0,0,15.407323956862355
2017-08-16,16.95,14,0,0,1,0,0,0,0,16.140835272537366
2017-08-15,14.0,16,0,1,0,0,0,0,0,16.224015540282515
2017-08-14,14.45,19,1,0,0,0,0,0,0,14.352279317468694
2017-08-13,21.05,15,0,0,0,0,0,0,1,6.862120575298139
2017-08-12,19.7,12,0,0,0,0,0,1,0,10.684044562520407
2017-08-11,18.7,24,0,0,0,0,1,0,0,17.25691887032736
2017-08-10,18.64,6,0,0,0,1,0,0,0,15.223278957364206
2017-08-09,17.6,9,0,0,1,0,0,0,0,15.998419499116181
2017-08-08,17.1,23,0,1,0,0,0,0,0,15.544801851658397
2017-08-07,17.35,12,1,0,0,0,0,0,0,13.716885866820327
2017-08-06,16.64,7,0,0,0,0,0,0,1,7.828356822663414
2017-08-05,15.25,10,0,0,0,0,0,1,0,11.659044857480833
2017-08-04,16.0,13,0,0,0,0,1,0,0,17.84849208299998
2017-08-03,18.5,15,0,0,0,1,0,0,0,15.253953123947232
2017-08-02,16.5,18,0,0,1,0,0,0,0,16.239430807982803
2017-08-01,16.35,15,0,1,0,0,0,0,0,15.709127744067457
2017-07-31,18.1,12,1,0,0,0,0,0,0,13.552559974411267
2017-07-30,19.1,10,0,0,0,0,0,0,1,7.289367895561695
2017-07-29,19.3,13,0,0,0,0,0,1,0,10.771685038471906
2017-07-28,21.4,20,0,0,0,0,1,0,0,16.665345657654743
2017-07-27,22.2,10,0,0,0,1,0,0,0,14.443278721395867
2017-07-26,20.2,12,0,0,1,0,0,0,0,15.42875640543144
2017-07-25,16.0,14,0,1,0,0,0,0,0,15.78581316052502
2017-07-24,14.25,15,1,0,0,0,0,0,0,14.396099555444444
2017-07-23,22.2,9,0,0,0,0,0,0,1,6.61015420693758
2017-07-22,19.14,10,0,0,0,0,0,1,0,10.806741228852506
2017-07-21,17.39,8,0,0,0,0,1,0,0,17.543941429068518
2017-07-20,18.7,16,0,0,0,1,0,0,0,15.210132885971483
2017-07-19,16.85,14,0,0,1,0,0,0,0,16.16274539152524
2017-07-18,15.8,15,0,1,0,0,0,0,0,15.829633398500768
2017-07-17,13.85,16,1,0,0,0,0,0,0,14.483740031395943
2017-07-16,15.55,9,0,0,0,0,0,0,1,8.067177119631248
2017-07-15,21.95,5,0,0,0,0,0,1,0,10.191066885293226
2017-07-14,19.5,15,0,0,0,0,1,0,0,17.081637918424363
2017-07-13,21.0,24,0,0,0,1,0,0,0,14.706200149250364
2017-07-12,17.55,23,0,0,1,0,0,0,0,16.00937455861012
2017-07-11,15.15,25,0,1,0,0,0,0,0,15.972049171921954
2017-07-10,17.25,13,1,0,0,0,0,0,0,13.738795985808203
2017-07-09,24.0,7,0,0,0,0,0,0,1,6.215772065155834
2017-07-08,22.55,16,0,0,0,0,0,1,0,10.059606171365978
2017-07-07,22.7,12,0,0,0,0,1,0,0,16.38051411081237
2017-07-06,20.75,16,0,0,0,1,0,0,0,14.76097544672005
2017-07-05,19.55,24,0,0,1,0,0,0,0,15.571172178852624
2017-07-04,18.8,12,0,1,0,0,0,0,0,15.172329828864527
2017-07-03,18.7,6,1,0,0,0,0,0,0,13.42109926048402
2017-07-02,20.0,14,0,0,0,0,0,0,1,7.092176824670823
2017-07-01,20.6,12,0,0,0,0,0,1,0,10.486853491629534
2017-06-30,19.14,14,0,0,0,0,1,0,0,17.16051434678071
2017-06-29,16.75,27,0,0,0,1,0,0,0,15.637380206235038
2017-06-28,14.15,17,0,0,1,0,0,0,0,16.75431860419786
2017-06-27,16.8,19,0,1,0,0,0,0,0,15.610532208622022
2017-06-26,22.35,15,1,0,0,0,0,0,0,12.62137991742659
2017-06-25,18.1,10,0,0,0,0,0,0,1,7.508469085440443
2017-06-24,15.0,21,0,0,0,0,0,1,0,11.713820154950518
2017-06-23,14.6,24,0,0,0,0,1,0,0,18.155233748830224
2017-06-22,11.89,11,0,0,0,1,0,0,0,16.70221198904575
2017-06-21,13.75,21,0,0,1,0,0,0,0,16.84195908014936
2017-06-20,18.89,15,0,1,0,0,0,0,0,15.15261072177544
2017-06-19,14.65,8,1,0,0,0,0,0,0,14.308459079492945
2017-06-18,15.6,14,0,0,0,0,0,0,1,8.05622206013731
2017-06-17,14.85,17,0,0,0,0,0,1,0,11.746685333432332
2017-06-16,15.14,19,0,0,0,0,1,0,0,18.0369191062957
2017-06-15,12.05,26,0,0,0,1,0,0,0,16.66715579866515
2017-06-14,13.65,22,0,0,1,0,0,0,0,16.863869199137234
2017-06-13,12.95,19,0,1,0,0,0,0,0,16.4540717896552
2017-06-12,15.5,15,1,0,0,0,0,0,0,14.12222306809601
2017-06-11,14.5,11,0,0,0,0,0,0,1,8.297233369003933
2017-06-10,8.1,13,0,0,0,0,0,1,0,13.225618365113874
2017-06-09,14.5,17,0,0,0,0,1,0,0,18.1771438678181
2017-06-08,19.95,14,0,0,0,1,0,0,0,14.936256398623048
2017-06-07,17.29,23,0,0,1,0,0,0,0,16.066340867978592
2017-06-06,14.9,26,0,1,0,0,0,0,0,16.02682446939164
2017-06-05,14.55,20,1,0,0,0,0,0,0,14.33036919848082
2017-06-04,17.0,22,0,0,0,0,0,0,1,7.7494803943070645
2017-06-03,16.5,19,0,0,0,0,0,1,0,11.385168370132398
2017-06-02,16.75,17,0,0,0,0,1,0,0,17.68416619059092
2017-06-01,17.95,21,0,0,0,1,0,0,0,15.374458778380543
2017-05-31,19.85,15,0,0,1,0,0,0,0,15.505441821888999
2017-05-30,17.35,26,0,1,0,0,0,0,0,15.49002655418871
2017-05-29,15.65,10,1,0,0,0,0,0,0,14.089357889614199
2017-05-28,15.05,10,0,0,0,0,0,0,1,8.176727714570621
2017-05-27,18.6,13,0,0,0,0,0,1,0,10.925055871387029
2017-05-26,11.3,23,0,0,0,0,1,0,0,18.878267675430088
2017-05-25,10.35,16,0,0,0,1,0,0,0,17.03962782145902
2017-05-24,10.3,26,0,0,1,0,0,0,0,17.597858185231036
2017-05-23,20.1,9,0,1,0,0,0,0,0,14.887498282022156
2017-05-22,17.64,10,1,0,0,0,0,0,0,13.653346521755491
2017-05-21,14.1,12,0,0,0,0,0,0,1,8.384873844955433
2017-05-20,12.64,15,0,0,0,0,0,1,0,12.230898963064362
2017-05-19,10.75,15,0,0,0,0,1,0,0,18.9987733298634
2017-05-18,8.65,10,0,0,0,1,0,0,0,17.412099844252893
2017-05-17,5.25,15,0,0,1,0,0,0,0,18.70431919411871
2017-05-16,6.25,21,0,1,0,0,0,0,0,17.922049761842803
2017-05-15,7.3,7,1,0,0,0,0,0,0,15.918852825101737
2017-05-14,8.05,8,0,0,0,0,0,0,1,9.710436043721852
2017-05-13,10.7,12,0,0,0,0,0,1,0,12.655955271429132
2017-05-12,14.5,16,0,0,0,0,1,0,0,18.1771438678181
2017-05-11,13.9,6,0,0,0,1,0,0,0,16.261818597389468
2017-05-10,13.4,19,0,0,1,0,0,0,0,16.91864449660692
2017-05-09,12.2,7,0,1,0,0,0,0,0,16.61839768206426
2017-05-08,9.69,14,1,0,0,0,0,0,0,15.395200981291532
2017-05-07,7.4,10,0,0,0,0,0,0,1,9.852851817143039
2017-05-06,16.2,12,0,0,0,0,0,1,0,11.450898727096023
2017-05-05,16.09,12,0,0,0,0,1,0,0,17.82877297591089
2017-05-04,16.64,10,0,0,0,1,0,0,0,15.661481337121701
2017-05-03,10.6,18,0,0,1,0,0,0,0,17.532127828267413
2017-05-02,7.25,17,0,1,0,0,0,0,0,17.702948571964058
2017-05-01,7.15,13,1,0,0,0,0,0,0,15.951718003583549
2017-04-30,9.1,7,0,0,0,0,0,0,1,9.480379794349169
2017-04-29,7.5,12,0,0,0,0,0,1,0,13.357079079041123
2017-04-28,4.84,17,0,0,0,0,1,0,0,20.293661362046798
2017-04-27,4.59,5,0,0,0,1,0,0,0,18.301650675160605
2017-04-26,0.3,11,0,0,1,0,0,0,0,19.78887008401851
2017-04-25,-0.6,18,0,1,0,0,0,0,0,19.42289291251222
2017-04-24,2.2,16,1,0,0,0,0,0,0,17.03626889348335
2017-04-23,6.05,11,0,0,0,0,0,0,1,10.148638423479348
2017-04-22,5.6,15,0,0,0,0,0,1,0,13.773371339810742
2017-04-21,6.65,18,0,0,0,0,1,0,0,19.897088208366263
2017-04-20,8.04,7,0,0,0,1,0,0,0,17.545751570078927
2017-04-19,7.7,13,0,0,1,0,0,0,0,18.16752127891578
2017-04-18,7.6,10,0,1,0,0,0,0,0,17.626263155506496
2017-04-17,5.09,12,1,0,0,0,0,0,0,16.403066454733768
2017-04-16,1.54,1,0,0,0,0,0,0,1,11.136784789832497
2017-04-15,0.25,5,0,0,0,0,0,1,0,14.94556270566204
2017-04-14,5.6,8,0,0,0,0,1,0,0,20.12714445773895
2017-04-13,2.0,12,0,0,0,1,0,0,0,18.86912275694656
2017-04-12,2.95,17,0,0,1,0,0,0,0,19.20825193083983
2017-04-11,4.8,17,0,1,0,0,0,0,0,18.23974648716699
2017-04-10,4.45,10,1,0,0,0,0,0,0,16.54329121625617
2017-04-09,4.55,6,0,0,0,0,0,0,1,10.477290208297468
2017-04-08,7.35,10,0,0,0,0,0,1,0,13.389944257522934
2017-04-07,3.95,11,0,0,0,0,1,0,0,20.48866142103888
2017-04-06,11.5,7,0,0,0,1,0,0,0,16.787661453098462
2017-04-05,6.85,6,0,0,1,0,0,0,0,18.353757290312714
2017-04-04,2.4,6,0,1,0,0,0,0,0,18.76558934287598
2017-04-03,2.04,6,1,0,0,0,0,0,0,17.071325083863947
2017-04-02,0.85,12,0,0,0,0,0,0,1,11.287964610848832
2017-04-01,7.45,9,0,0,0,0,0,1,0,13.36803413853506
2017-03-31,6.05,18,0,0,0,0,1,0,0,20.028548922293513
2017-03-30,4.75,13,0,0,0,1,0,0,0,18.266594484780004
2017-03-29,4.95,10,0,0,1,0,0,0,0,18.770049551082334
2017-03-28,4.69,9,0,1,0,0,0,0,0,18.26384761805365
2017-03-27,6.55,9,1,0,0,0,0,0,0,16.083178717510798
2017-03-26,2.85,6,0,0,0,0,0,0,1,10.849762231091338
2017-03-25,6.05,9,0,0,0,0,0,1,0,13.674775804365307
2017-03-24,5.15,12,0,0,0,0,1,0,0,20.225739993184384
2017-03-23,4.55,12,0,0,0,1,0,0,0,18.310414722755755
2017-03-22,6.45,10,0,0,1,0,0,0,0,18.441397766264213
2017-03-21,0.64,9,0,1,0,0,0,0,0,19.151207437062578
2017-03-20,-2.9,16,1,0,0,0,0,0,0,18.153684961864958
2017-03-19,-0.29,8,0,0,0,0,0,0,1,11.537739967310603
2017-03-18,5.95,8,0,0,0,0,0,1,0,13.696685923353181
2017-03-17,0.7,14,0,0,0,0,1,0,0,21.20074028814481
2017-03-16,4.05,10,0,0,0,1,0,0,0,18.41996531769513
2017-03-15,6.15,15,0,0,1,0,0,0,0,18.507128123227837
2017-03-14,4.19,20,0,1,0,0,0,0,0,18.373398212993024
2017-03-13,-3.54,9,1,0,0,0,0,0,0,18.293909723387358
2017-03-12,-15.75,11,0,0,0,0,0,0,1,14.925044362836037
2017-03-11,-17.7,10,0,0,0,0,0,1,0,18.878429063985553
2017-03-10,-18.6,39,0,0,0,0,1,0,0,25.429393252804633
2017-03-09,-19.79,23,0,0,0,1,0,0,0,23.64333768440446
2017-03-08,-17.0,26,0,0,1,0,0,0,0,23.579320668920836
2017-03-07,-13.0,13,0,1,0,0,0,0,0,22.139747667008688
2017-03-06,-12.2,16,1,0,0,0,0,0,0,20.191326027737308
2017-03-05,-11.65,9,0,0,0,0,0,0,1,14.026729484333172
2017-03-04,-7.9,9,0,0,0,0,0,1,0,16.73123740317383
2017-03-03,1.84,12,0,0,0,0,1,0,0,20.95096493168304
2017-03-02,-4.59,11,0,0,0,1,0,0,0,20.312999598247504
2017-03-01,-6.0,15,0,0,1,0,0,0,0,21.169207580254614
2017-02-28,-9.9,15,0,1,0,0,0,0,0,21.46053397838457
2017-02-27,-12.89,14,1,0,0,0,0,0,0,20.342505848753643
2017-02-26,-9.69,5,0,0,0,0,0,0,1,13.597291152170827
2017-02-25,-6.8,5,0,0,0,0,0,1,0,16.490226094307207
2017-02-24,-8.44,13,0,0,0,0,1,0,0,23.20332516363656
2017-02-23,-5.2,14,0,0,0,1,0,0,0,20.44665132407354
2017-02-22,-3.75,12,0,0,1,0,0,0,0,20.676229903027433
2017-02-21,-1.55,12,0,1,0,0,0,0,0,19.631039042897033
2017-02-20,-3.15,6,1,0,0,0,0,0,0,18.208460259334647
2017-02-19,-1.3,5,0,0,0,0,0,0,1,11.759032169088139
2017-02-18,-1.85,8,0,0,0,0,0,1,0,15.405675204407409
2017-02-17,4.0,11,0,0,0,0,1,0,0,20.477706361544943
2017-02-16,7.3,10,0,0,0,1,0,0,0,17.7078864505892
2017-02-15,7.04,18,0,0,1,0,0,0,0,18.31212806423575
2017-02-14,4.34,12,0,1,0,0,0,0,0,18.34053303451121
2017-02-13,6.05,12,1,0,0,0,0,0,0,16.192729312450172
2017-02-12,1.04,9,0,0,0,0,0,0,1,11.24633538477187
2017-02-11,-2.7,17,0,0,0,0,0,1,0,15.591911215804345
2017-02-10,-5.24,17,0,0,0,0,1,0,0,22.502201356024568
2017-02-09,-12.1,16,0,0,0,1,0,0,0,21.958449534236895
2017-02-08,-21.6,20,0,0,1,0,0,0,0,24.587186142363073
2016-12-20,-0.04,4,0,1,0,0,0,0,0,19.300196246180125
2016-12-19,-0.19,15,1,0,0,0,0,0,0,17.559920737293556
2016-12-18,-3.55,8,0,0,0,0,0,0,1,12.25200984631532
2016-12-17,-15.0,17,0,0,0,0,0,1,0,18.286855851312936
2016-12-16,-21.4,37,0,0,0,0,1,0,0,26.042876584465123
2016-12-15,-18.1,28,0,0,0,1,0,0,0,23.27305667350938
2016-12-14,-14.75,28,0,0,1,0,0,0,0,23.086342991693655
2016-12-13,-15.05,3,0,1,0,0,0,0,0,22.58890510626012
2016-12-12,-14.35,24,1,0,0,0,0,0,0,20.662393585976616
2016-12-11,-19.64,9,0,0,0,0,0,0,1,15.777347991464364
2016-12-10,-20.95,40,0,0,0,0,0,1,0,19.59050793109148
2016-12-09,-22.29,41,0,0,0,0,1,0,0,26.23787664345721
2016-12-08,-23.25,27,0,0,0,1,0,0,0,24.401427801384926
2016-12-07,-21.8,24,0,0,1,0,0,0,0,24.63100638033882
2016-12-06,-19.79,11,0,1,0,0,0,0,0,23.62744474628538
